subreddit,sort,post_id,post_url,created_timestamp,fetched_at_utc
NSEbets,top,1tcyzbt,https://www.reddit.com/r/NSEbets/comments/1tcyzbt/on_a_lighter_note/,2026-05-14T13:56:38.410000+0000,2026-06-01T04:02:50.784624+00:00
NSEbets,top,1sgj828,https://www.reddit.com/r/NSEbets/comments/1sgj828/wtf_even/,2026-04-09T07:55:02.974000+0000,2026-06-01T04:02:50.784624+00:00
NSEbets,top,1tosbb8,https://www.reddit.com/r/NSEbets/comments/1tosbb8/real_for_trading_as_well/,2026-05-27T02:32:59.175000+0000,2026-06-01T04:02:50.784624+00:00
NSEbets,top,1f0nwwz,https://www.reddit.com/r/NSEbets/comments/1f0nwwz/finally_the_issue_being_addressed_in_parliament/,2024-08-25T04:11:18.438000+0000,2026-06-01T04:02:50.784624+00:00
NSEbets,top,1ebvi3b,https://www.reddit.com/r/NSEbets/comments/1ebvi3b/not_a_aap_supporter_but_he_aint_wrong/,2024-07-25T13:55:13.106000+0000,2026-06-01T04:02:50.784624+00:00
NSEbets,top,1q2oky6,https://www.reddit.com/r/NSEbets/comments/1q2oky6/us_attacks_venezuela_impact_on_indian_markets/,2026-01-03T07:37:51.394000+0000,2026-06-01T04:02:50.784624+00:00
NSEbets,top,1tfgb0l,https://www.reddit.com/r/NSEbets/comments/1tfgb0l/i_agree/,2026-05-17T05:27:59.099000+0000,2026-06-01T04:02:50.784624+00:00
NSEbets,top,1t9zr7k,https://www.reddit.com/r/NSEbets/comments/1t9zr7k/bina_market_ke_insider_trading_ft_indian_babus/,2026-05-11T10:54:51.365000+0000,2026-06-01T04:02:50.784624+00:00
NSEbets,top,1ssumt7,https://www.reddit.com/r/NSEbets/comments/1ssumt7/the_line_between_reality_and_satire_has_blurred/,2026-04-22T18:52:50.814000+0000,2026-06-01T04:02:50.784624+00:00
NSEbets,top,1t3vhb0,https://www.reddit.com/r/NSEbets/comments/1t3vhb0/iran_has_blown_up_the_largest_uaeowned_oil_tanker/,2026-05-04T21:33:39.446000+0000,2026-06-01T04:02:50.784624+00:00
NSEbets,top,1rqi9vs,https://www.reddit.com/r/NSEbets/comments/1rqi9vs/your_thoughts_on_this/,2026-03-11T03:02:30.445000+0000,2026-06-01T04:02:50.784624+00:00
NSEbets,top,1sfg3rf,https://www.reddit.com/r/NSEbets/comments/1sfg3rf/was_it_really_pakistan/,2026-04-08T02:15:00.740000+0000,2026-06-01T04:02:50.784624+00:00
NSEbets,top,1rh5d3z,https://www.reddit.com/r/NSEbets/comments/1rh5d3z/_/,2026-02-28T15:25:04.608000+0000,2026-06-01T04:02:50.784624+00:00
NSEbets,top,1qbpk0i,https://www.reddit.com/r/NSEbets/comments/1qbpk0i/context_on_the_claim_that_irans_currency_is_now/,2026-01-13T12:03:28.729000+0000,2026-06-01T04:02:50.784624+00:00
NSEbets,top,1rzxzkw,https://www.reddit.com/r/NSEbets/comments/1rzxzkw/kya_din_dekhna_pad_raha_hai/,2026-03-21T17:53:55.539000+0000,2026-06-01T04:02:50.784624+00:00
NSEbets,top,1t4cohb,https://www.reddit.com/r/NSEbets/comments/1t4cohb/i_love_her_man/,2026-05-05T11:29:31.563000+0000,2026-06-01T04:02:50.784624+00:00
NSEbets,top,1s368p0,https://www.reddit.com/r/NSEbets/comments/1s368p0/is_it_true/,2026-03-25T09:46:55.064000+0000,2026-06-01T04:02:50.784624+00:00
NSEbets,top,1theu78,https://www.reddit.com/r/NSEbets/comments/1theu78/president_xi_knows_exactly_whats_up/,2026-05-19T06:51:14.828000+0000,2026-06-01T04:02:50.784624+00:00
NSEbets,top,1trwnab,https://www.reddit.com/r/NSEbets/comments/1trwnab/ohh_noo/,2026-05-30T10:50:28.665000+0000,2026-06-01T04:02:50.784624+00:00
NSEbets,top,1osftvx,https://www.reddit.com/r/NSEbets/comments/1osftvx/happens_only_in_india_what_they_do_with_road/,2025-11-09T10:14:06.429000+0000,2026-06-01T04:02:50.784624+00:00
NSEbets,top,1sd27wx,https://www.reddit.com/r/NSEbets/comments/1sd27wx/holy_shitt_first_time_trump_using_words_like_this/,2026-04-05T12:20:55.565000+0000,2026-06-01T04:02:50.784624+00:00
NSEbets,top,1tl40ge,https://www.reddit.com/r/NSEbets/comments/1tl40ge/30_years_old_24cr_in_fd_own_home_and_travelled/,2026-05-23T02:46:02.377000+0000,2026-06-01T04:02:50.784624+00:00
NSEbets,top,1ti9d36,https://www.reddit.com/r/NSEbets/comments/1ti9d36/do_u_agree_with_ashneer_statment/,2026-05-20T03:15:40.299000+0000,2026-06-01T04:02:50.784624+00:00
NSEbets,top,1hm5o4h,https://www.reddit.com/r/NSEbets/comments/1hm5o4h/scams/,2024-12-25T18:08:03.697000+0000,2026-06-01T04:02:50.784624+00:00
NSEbets,top,1iyoya3,https://www.reddit.com/r/NSEbets/comments/1iyoya3/is_this_true/,2025-02-26T14:37:44.784000+0000,2026-06-01T04:02:50.784624+00:00
NSEbets,top,1lckoma,https://www.reddit.com/r/NSEbets/comments/1lckoma/it_seems_my_portfolio_likes_red_only/,2025-06-16T05:19:32.447000+0000,2026-06-01T04:02:50.784624+00:00
NSEbets,top,1tl0pft,https://www.reddit.com/r/NSEbets/comments/1tl0pft/the_most_expensive_pizzas_in_history/,2026-05-23T00:17:48.080000+0000,2026-06-01T04:02:50.784624+00:00
NSEbets,top,1tejp2c,https://www.reddit.com/r/NSEbets/comments/1tejp2c/kaise_kaise_chutiyee_log_hai_ye/,2026-05-16T04:51:05.484000+0000,2026-06-01T04:02:50.784624+00:00
NSEbets,top,1gj79xp,https://www.reddit.com/r/NSEbets/comments/1gj79xp/consistency_level_prafull/,2024-11-04T05:35:29.386000+0000,2026-06-01T04:02:50.784624+00:00
NSEbets,top,1so3ftg,https://www.reddit.com/r/NSEbets/comments/1so3ftg/after_spending_54_billion_on_the_war_and_losing/,2026-04-17T14:58:41.792000+0000,2026-06-01T04:02:50.784624+00:00
NSEbets,top,1tjl0cm,https://www.reddit.com/r/NSEbets/comments/1tjl0cm/red_chinese_market/,2026-05-21T13:45:01.673000+0000,2026-06-01T04:02:50.784624+00:00
NSEbets,top,1ror1uw,https://www.reddit.com/r/NSEbets/comments/1ror1uw/invested_22000_in_crude_oil_option_now_sitting_at/,2026-03-09T04:54:47.285000+0000,2026-06-01T04:02:50.784624+00:00
NSEbets,top,1ix9zuz,https://www.reddit.com/r/NSEbets/comments/1ix9zuz/why_are_fiis_fleeing_india_is_india_losing_its/,2025-02-24T19:05:10.324000+0000,2026-06-01T04:02:50.784624+00:00
NSEbets,top,1qu0rbq,https://www.reddit.com/r/NSEbets/comments/1qu0rbq/reciprocal_tariffs_reduced_to_18/,2026-02-02T17:03:16.104000+0000,2026-06-01T04:02:50.784624+00:00
NSEbets,top,1pd2fwm,https://www.reddit.com/r/NSEbets/comments/1pd2fwm/seriously_my_last_day_on_earth/,2025-12-03T12:07:50.452000+0000,2026-06-01T04:02:50.784624+00:00
NSEbets,top,1sdw4p0,https://www.reddit.com/r/NSEbets/comments/1sdw4p0/hmm/,2026-04-06T11:25:41.007000+0000,2026-06-01T04:02:50.784624+00:00
NSEbets,top,1fzlqta,https://www.reddit.com/r/NSEbets/comments/1fzlqta/i_see_charts_everywhere/,2024-10-09T07:17:03.102000+0000,2026-06-01T04:02:50.784624+00:00
NSEbets,top,1s3xvcg,https://www.reddit.com/r/NSEbets/comments/1s3xvcg/india_among_friendly_nations_listed_by_iran_for/,2026-03-26T04:37:41.391000+0000,2026-06-01T04:02:50.784624+00:00
NSEbets,top,1fglz58,https://www.reddit.com/r/NSEbets/comments/1fglz58/its_him_again/,2024-09-14T13:23:57.821000+0000,2026-06-01T04:02:50.784624+00:00
NSEbets,top,1seu8ds,https://www.reddit.com/r/NSEbets/comments/1seu8ds/breaking_trump_says_a_whole_civilization_will_die/,2026-04-07T12:14:35.622000+0000,2026-06-01T04:02:50.784624+00:00
NSEbets,top,1gwj51n,https://www.reddit.com/r/NSEbets/comments/1gwj51n/the_market_is_slowly_taking_back_all_your_profit/,2024-11-21T16:21:12.996000+0000,2026-06-01T04:02:50.784624+00:00
NSEbets,top,1otc21p,https://www.reddit.com/r/NSEbets/comments/1otc21p/reason_india_have_not_nvidia_chatgpt_do_you_agree/,2025-11-10T12:08:10.765000+0000,2026-06-01T04:02:50.784624+00:00
NSEbets,top,1suiz8e,https://www.reddit.com/r/NSEbets/comments/1suiz8e/some_jobs_lost_to_artificial_intelligence_some_to/,2026-04-24T15:28:27.372000+0000,2026-06-01T04:02:50.784624+00:00
NSEbets,top,1sjyerc,https://www.reddit.com/r/NSEbets/comments/1sjyerc/_/,2026-04-13T02:43:52.521000+0000,2026-06-01T04:02:50.784624+00:00
NSEbets,top,1ru96wu,https://www.reddit.com/r/NSEbets/comments/1ru96wu/ha_bklodo_fake_news_tmkc/,2026-03-15T08:57:32.580000+0000,2026-06-01T04:02:50.784624+00:00
NSEbets,top,1rn2y5m,https://www.reddit.com/r/NSEbets/comments/1rn2y5m/the_guts_it_require_to_say_this_while_on_visit_to/,2026-03-07T06:44:56.551000+0000,2026-06-01T04:02:50.784624+00:00
NSEbets,top,1pqjfxj,https://www.reddit.com/r/NSEbets/comments/1pqjfxj/this_meme_gets_me_everytime/,2025-12-19T12:04:31.913000+0000,2026-06-01T04:02:50.784624+00:00
NSEbets,top,1r0vmvb,https://www.reddit.com/r/NSEbets/comments/1r0vmvb/demand_for_zero_ltcg_on_equity_raised_in/,2026-02-10T08:47:53.135000+0000,2026-06-01T04:02:50.784624+00:00
NSEbets,top,1tptj70,https://www.reddit.com/r/NSEbets/comments/1tptj70/aaj_ki_taza_khabar/,2026-05-28T04:54:15.300000+0000,2026-06-01T04:02:50.784624+00:00
NSEbets,top,1f10yvr,https://www.reddit.com/r/NSEbets/comments/1f10yvr/thoughts/,2024-08-25T16:53:35.454000+0000,2026-06-01T04:02:50.784624+00:00
NSEbets,top,1t1v6tf,https://www.reddit.com/r/NSEbets/comments/1t1v6tf/another_shitpost/,2026-05-02T16:54:03.976000+0000,2026-06-01T04:02:50.784624+00:00
NSEbets,top,1p816ol,https://www.reddit.com/r/NSEbets/comments/1p816ol/shorting_tinder_india_part_2/,2025-11-27T12:37:46.793000+0000,2026-06-01T04:02:50.784624+00:00
NSEbets,top,1smy5nv,https://www.reddit.com/r/NSEbets/comments/1smy5nv/from_4th_to_6th_growth_is/,2026-04-16T09:07:00.581000+0000,2026-06-01T04:02:50.784624+00:00
NSEbets,top,1fy8ai3,https://www.reddit.com/r/NSEbets/comments/1fy8ai3/chot_lagi_dard_hua/,2024-10-07T13:58:32.865000+0000,2026-06-01T04:02:50.784624+00:00
NSEbets,top,1t736cq,https://www.reddit.com/r/NSEbets/comments/1t736cq/hahahahahahahahahahahaha/,2026-05-08T09:46:15.886000+0000,2026-06-01T04:02:50.784624+00:00
NSEbets,top,1trp1a1,https://www.reddit.com/r/NSEbets/comments/1trp1a1/what_do_you_guys_think/,2026-05-30T03:55:57.631000+0000,2026-06-01T04:02:50.784624+00:00
NSEbets,top,1tmd12j,https://www.reddit.com/r/NSEbets/comments/1tmd12j/what_does_this_mean/,2026-05-24T14:01:37.466000+0000,2026-06-01T04:02:50.784624+00:00
NSEbets,top,1sfhfel,https://www.reddit.com/r/NSEbets/comments/1sfhfel/rip_bears/,2026-04-08T03:17:01.221000+0000,2026-06-01T04:02:50.784624+00:00
NSEbets,top,1subuln,https://www.reddit.com/r/NSEbets/comments/1subuln/true_or_fake_news/,2026-04-24T10:29:28.092000+0000,2026-06-01T04:02:50.784624+00:00
NSEbets,top,1rxp5vn,https://www.reddit.com/r/NSEbets/comments/1rxp5vn/damage_control/,2026-03-19T03:09:06.305000+0000,2026-06-01T04:02:50.784624+00:00
NSEbets,top,1t88e96,https://www.reddit.com/r/NSEbets/comments/1t88e96/me_every_time_while_taking_a_trade/,2026-05-09T15:42:01.636000+0000,2026-06-01T04:02:50.784624+00:00
NSEbets,top,1gih23r,https://www.reddit.com/r/NSEbets/comments/1gih23r/bhaiii_ab_kya_hoga/,2024-11-03T06:46:46.550000+0000,2026-06-01T04:02:50.784624+00:00
NSEbets,top,1np9oxl,https://www.reddit.com/r/NSEbets/comments/1np9oxl/fact/,2025-09-24T11:33:19.215000+0000,2026-06-01T04:02:50.784624+00:00
NSEbets,top,1sv4g6w,https://www.reddit.com/r/NSEbets/comments/1sv4g6w/_/,2026-04-25T06:31:32.888000+0000,2026-06-01T04:02:50.784624+00:00
NSEbets,top,1s9mur5,https://www.reddit.com/r/NSEbets/comments/1s9mur5/they_really_did_it/,2026-04-01T14:54:56.036000+0000,2026-06-01T04:02:50.784624+00:00
NSEbets,top,1psnda7,https://www.reddit.com/r/NSEbets/comments/1psnda7/_/,2025-12-22T01:55:25.674000+0000,2026-06-01T04:02:50.784624+00:00
NSEbets,top,1tpvmul,https://www.reddit.com/r/NSEbets/comments/1tpvmul/deserves_every_bit_of_it_but_crazy_times/,2026-05-28T06:46:02.837000+0000,2026-06-01T04:02:50.784624+00:00
NSEbets,top,1ph9xwp,https://www.reddit.com/r/NSEbets/comments/1ph9xwp/thanks_to_indigo/,2025-12-08T11:20:58.168000+0000,2026-06-01T04:02:50.784624+00:00
NSEbets,top,1dje9tg,https://www.reddit.com/r/NSEbets/comments/1dje9tg/in_a_span_of_a_week/,2024-06-19T08:38:24.619000+0000,2026-06-01T04:02:50.784624+00:00
NSEbets,top,1gx4b89,https://www.reddit.com/r/NSEbets/comments/1gx4b89/is_this_the_reason_for_bounce/,2024-11-22T09:51:15.130000+0000,2026-06-01T04:02:50.784624+00:00
NSEbets,top,1sde8a6,https://www.reddit.com/r/NSEbets/comments/1sde8a6/is_he_dropping_a_nuke/,2026-04-05T20:31:21.285000+0000,2026-06-01T04:02:50.784624+00:00
NSEbets,top,1oxnth7,https://www.reddit.com/r/NSEbets/comments/1oxnth7/why_inflation_is_not_applying_here_any_idea_guys/,2025-11-15T09:51:39.260000+0000,2026-06-01T04:02:50.784624+00:00
NSEbets,top,1nq0uxb,https://www.reddit.com/r/NSEbets/comments/1nq0uxb/indian_traders_in_2025_be_like/,2025-09-25T08:00:35.902000+0000,2026-06-01T04:02:50.784624+00:00
NSEbets,top,1f9hpiu,https://www.reddit.com/r/NSEbets/comments/1f9hpiu/toxic_work_culture/,2024-09-05T08:49:58.842000+0000,2026-06-01T04:02:50.784624+00:00
NSEbets,top,1tkg1jb,https://www.reddit.com/r/NSEbets/comments/1tkg1jb/red_combo_for_market/,2026-05-22T11:22:08.276000+0000,2026-06-01T04:02:50.784624+00:00
NSEbets,top,1sozo26,https://www.reddit.com/r/NSEbets/comments/1sozo26/here_we_go_again/,2026-04-18T14:50:47.292000+0000,2026-06-01T04:02:50.784624+00:00
NSEbets,top,1r71chc,https://www.reddit.com/r/NSEbets/comments/1r71chc/any_ola_investors/,2026-02-17T09:16:42.208000+0000,2026-06-01T04:02:50.784624+00:00
NSEbets,top,1tlleng,https://www.reddit.com/r/NSEbets/comments/1tlleng/its_true/,2026-05-23T16:40:51.249000+0000,2026-06-01T04:02:50.784624+00:00
NSEbets,top,1f85lej,https://www.reddit.com/r/NSEbets/comments/1f85lej/dividend_months/,2024-09-03T17:18:44.086000+0000,2026-06-01T04:02:50.784624+00:00
NSEbets,top,1t51pfu,https://www.reddit.com/r/NSEbets/comments/1t51pfu/pov_you_trusted_officially_confirmed_gap_up_and/,2026-05-06T03:45:39.423000+0000,2026-06-01T04:02:50.784624+00:00
NSEbets,top,1g0q6b2,https://www.reddit.com/r/NSEbets/comments/1g0q6b2/_/,2024-10-10T18:52:54.634000+0000,2026-06-01T04:02:50.784624+00:00
NSEbets,top,1sovgza,https://www.reddit.com/r/NSEbets/comments/1sovgza/iran_says_strait_of_hormuz_can_be_used_only_with/,2026-04-18T11:46:43.461000+0000,2026-06-01T04:02:50.784624+00:00
NSEbets,top,1gd2wfr,https://www.reddit.com/r/NSEbets/comments/1gd2wfr/4year_hodl_and_became_50x/,2024-10-27T04:17:20.891000+0000,2026-06-01T04:02:50.784624+00:00
NSEbets,top,1mxrovg,https://www.reddit.com/r/NSEbets/comments/1mxrovg/im_good_at_investing/,2025-08-23T04:12:51.833000+0000,2026-06-01T04:02:50.784624+00:00
NSEbets,top,1eos7ks,https://www.reddit.com/r/NSEbets/comments/1eos7ks/tata_motors_hold_or_sell/,2024-08-10T12:47:02.540000+0000,2026-06-01T04:02:50.784624+00:00
NSEbets,top,1g6c95o,https://www.reddit.com/r/NSEbets/comments/1g6c95o/found_this_with_my_parents_can_anyone_please_tell/,2024-10-18T07:09:21.643000+0000,2026-06-01T04:02:50.784624+00:00
NSEbets,top,1p9h26f,https://www.reddit.com/r/NSEbets/comments/1p9h26f/tell_my_parents/,2025-11-29T05:44:17.552000+0000,2026-06-01T04:02:50.784624+00:00
NSEbets,top,1sesp1u,https://www.reddit.com/r/NSEbets/comments/1sesp1u/tue_8pm_eastern_time_in_india_its_530am_on_wed/,2026-04-07T11:00:03.952000+0000,2026-06-01T04:02:50.784624+00:00
NSEbets,top,1scaiam,https://www.reddit.com/r/NSEbets/comments/1scaiam/here_we_go_again/,2026-04-04T14:22:04.917000+0000,2026-06-01T04:02:50.784624+00:00
NSEbets,top,1rhd7g8,https://www.reddit.com/r/NSEbets/comments/1rhd7g8/war_end_now_chill/,2026-02-28T20:32:55.729000+0000,2026-06-01T04:02:50.784624+00:00
NSEbets,top,1gq71te,https://www.reddit.com/r/NSEbets/comments/1gq71te/new_pattern/,2024-11-13T06:51:20.836000+0000,2026-06-01T04:02:50.784624+00:00
NSEbets,top,1s6tf8p,https://www.reddit.com/r/NSEbets/comments/1s6tf8p/is_it_true_guys/,2026-03-29T12:10:49.497000+0000,2026-06-01T04:02:50.784624+00:00
NSEbets,top,1g10ddj,https://www.reddit.com/r/NSEbets/comments/1g10ddj/fiis_bye/,2024-10-11T03:07:46.932000+0000,2026-06-01T04:02:50.784624+00:00
NSEbets,top,18uldbo,https://www.reddit.com/r/NSEbets/comments/18uldbo/in_case_of_dire_need_of_money_like_buying_a_house/,2023-12-30T17:56:48.748000+0000,2026-06-01T04:02:50.784624+00:00
NSEbets,top,1s99k9j,https://www.reddit.com/r/NSEbets/comments/1s99k9j/huge_update_us_will_leave_the_war/,2026-04-01T03:45:15.698000+0000,2026-06-01T04:02:50.784624+00:00
NSEbets,top,1ser544,https://www.reddit.com/r/NSEbets/comments/1ser544/lost_everythingmy_college_fees_and_monthly_rent/,2026-04-07T09:32:27.336000+0000,2026-06-01T04:02:50.784624+00:00
NSEbets,top,1sfmhal,https://www.reddit.com/r/NSEbets/comments/1sfmhal/thanks_trump_for_your_manipulation/,2026-04-08T07:59:09.886000+0000,2026-06-01T04:02:50.784624+00:00
NSEbets,top,1nshyhb,https://www.reddit.com/r/NSEbets/comments/1nshyhb/reality_check/,2025-09-28T07:14:23.368000+0000,2026-06-01T04:02:50.784624+00:00
NSEbets,top,1gpjwdx,https://www.reddit.com/r/NSEbets/comments/1gpjwdx/lic_booking_profits_whats_stopping_you/,2024-11-12T12:46:07.293000+0000,2026-06-01T04:02:50.784624+00:00
NSEbets,top,1mmahjn,https://www.reddit.com/r/NSEbets/comments/1mmahjn/7th_august_expiry_was_absolute_cinema/,2025-08-10T05:33:41.157000+0000,2026-06-01T04:02:50.784624+00:00
NSEbets,top,1aeclxz,https://www.reddit.com/r/NSEbets/comments/1aeclxz/need_to_revamp_portfolio_what_should_i_get_rid_of/,2024-01-30T01:47:07.066000+0000,2026-06-01T04:02:50.784624+00:00
NSEbets,top,1r9tej8,https://www.reddit.com/r/NSEbets/comments/1r9tej8/closed_day_with_more_than_the_gdp_of_india/,2026-02-20T11:55:23.355000+0000,2026-06-01T04:02:50.784624+00:00
NSEbets,top,1o08zyy,https://www.reddit.com/r/NSEbets/comments/1o08zyy/for_all_of_you_who_asked_for_the_screen_recording/,2025-10-07T08:23:06.900000+0000,2026-06-01T04:02:50.784624+00:00
NSEbets,top,1fagx9p,https://www.reddit.com/r/NSEbets/comments/1fagx9p/ather_energy_ipo_scam/,2024-09-06T14:44:10.634000+0000,2026-06-01T04:02:50.784624+00:00
NSEbets,top,1pjp1wp,https://www.reddit.com/r/NSEbets/comments/1pjp1wp/first_and_last_time_i_gamble_with_naked_0dte/,2025-12-11T05:00:23.523000+0000,2026-06-01T04:02:50.784624+00:00
NSEbets,top,1pd2zqh,https://www.reddit.com/r/NSEbets/comments/1pd2zqh/4_years_since_this_mf_got_a_job_and_stopped/,2025-12-03T12:36:17.562000+0000,2026-06-01T04:02:50.784624+00:00
NSEbets,top,1trq6f4,https://www.reddit.com/r/NSEbets/comments/1trq6f4/it_was_already_around_400_something/,2026-05-30T04:53:01.319000+0000,2026-06-01T04:02:50.784624+00:00
NSEbets,top,1t9rmua,https://www.reddit.com/r/NSEbets/comments/1t9rmua/not_only_in_cricket_but_also_in_trading_whats/,2026-05-11T03:33:07.836000+0000,2026-06-01T04:02:50.784624+00:00
NSEbets,top,1odvugj,https://www.reddit.com/r/NSEbets/comments/1odvugj/trading_in_2025/,2025-10-23T06:19:05.666000+0000,2026-06-01T04:02:50.784624+00:00
NSEbets,top,1eubneu,https://www.reddit.com/r/NSEbets/comments/1eubneu/someone_please_explain_this_wtf/,2024-08-17T07:00:15.749000+0000,2026-06-01T04:02:50.784624+00:00
NSEbets,top,1iy29dx,https://www.reddit.com/r/NSEbets/comments/1iy29dx/_/,2025-02-25T18:38:56.589000+0000,2026-06-01T04:02:50.784624+00:00
NSEbets,top,1fy58va,https://www.reddit.com/r/NSEbets/comments/1fy58va/arent_we_all/,2024-10-07T11:23:33.552000+0000,2026-06-01T04:02:50.784624+00:00
NSEbets,top,1iecm9i,https://www.reddit.com/r/NSEbets/comments/1iecm9i/next_level_roast/,2025-01-31T11:23:08.953000+0000,2026-06-01T04:02:50.784624+00:00
NSEbets,top,1ruymmj,https://www.reddit.com/r/NSEbets/comments/1ruymmj/faaaa/,2026-03-16T03:27:48.149000+0000,2026-06-01T04:02:50.784624+00:00
NSEbets,top,1srfxl2,https://www.reddit.com/r/NSEbets/comments/1srfxl2/it_is_unacceptable/,2026-04-21T06:48:05.630000+0000,2026-06-01T04:02:50.784624+00:00
NSEbets,top,1sxxlsl,https://www.reddit.com/r/NSEbets/comments/1sxxlsl/should_i_start_a_10000_to_1_lakh_challenge_with/,2026-04-28T10:36:43.021000+0000,2026-06-01T04:02:50.784624+00:00
NSEbets,top,1t38sjw,https://www.reddit.com/r/NSEbets/comments/1t38sjw/he_kept_saying_and_got_laughed_cursed_downvoted/,2026-05-04T05:40:57.982000+0000,2026-06-01T04:02:50.784624+00:00
NSEbets,top,1g0i9h9,https://www.reddit.com/r/NSEbets/comments/1g0i9h9/for_real/,2024-10-10T13:01:16.506000+0000,2026-06-01T04:02:50.784624+00:00
NSEbets,top,1h7vodr,https://www.reddit.com/r/NSEbets/comments/1h7vodr/got_so_much_lucky_with_bse/,2024-12-06T07:02:55.665000+0000,2026-06-01T04:02:50.784624+00:00
NSEbets,top,1fxo8jp,https://www.reddit.com/r/NSEbets/comments/1fxo8jp/bhavish_hota_to_bolta_tere_bas_ki_hi_nahi_hai_aa/,2024-10-06T19:11:13.683000+0000,2026-06-01T04:02:50.784624+00:00
NSEbets,top,1tlrcfq,https://www.reddit.com/r/NSEbets/comments/1tlrcfq/well_well/,2026-05-23T20:31:19.308000+0000,2026-06-01T04:02:50.784624+00:00
NSEbets,top,1afoyst,https://www.reddit.com/r/NSEbets/comments/1afoyst/power_of_holding/,2024-01-31T18:36:07.979000+0000,2026-06-01T04:02:50.784624+00:00
NSEbets,top,1shaqkr,https://www.reddit.com/r/NSEbets/comments/1shaqkr/all_losses_covered_made_a_highest_profit_in_a_day/,2026-04-10T03:05:07.767000+0000,2026-06-01T04:02:50.784624+00:00
NSEbets,top,1s26xnb,https://www.reddit.com/r/NSEbets/comments/1s26xnb/nightmare_news_for_put_buyersholders/,2026-03-24T07:17:16.048000+0000,2026-06-01T04:02:50.784624+00:00
NSEbets,top,1fswtjd,https://www.reddit.com/r/NSEbets/comments/1fswtjd/in_other_news_cred_reported_a_loss_of_rs_1644/,2024-09-30T14:25:44.920000+0000,2026-06-01T04:02:50.784624+00:00
NSEbets,top,1dqj629,https://www.reddit.com/r/NSEbets/comments/1dqj629/me_and_mariana_fr/,2024-06-28T13:04:47.653000+0000,2026-06-01T04:02:50.784624+00:00
NSEbets,top,1ri02ml,https://www.reddit.com/r/NSEbets/comments/1ri02ml/traders_waiting_for_morning/,2026-03-01T15:28:54.180000+0000,2026-06-01T04:02:50.784624+00:00
NSEbets,top,1sfv1xf,https://www.reddit.com/r/NSEbets/comments/1sfv1xf/_/,2026-04-08T14:49:58.667000+0000,2026-06-01T04:02:50.784624+00:00
NSEbets,top,1s50iaz,https://www.reddit.com/r/NSEbets/comments/1s50iaz/_/,2026-03-27T10:39:57.095000+0000,2026-06-01T04:02:50.784624+00:00
NSEbets,top,1pppoxl,https://www.reddit.com/r/NSEbets/comments/1pppoxl/accidentally_bought_300_lots_instead_of_300/,2025-12-18T12:33:20.522000+0000,2026-06-01T04:02:50.784624+00:00
NSEbets,top,1rm0kfy,https://www.reddit.com/r/NSEbets/comments/1rm0kfy/us_temporarily_lifts_ban_on_russian_oil_for_india/,2026-03-06T01:40:53.790000+0000,2026-06-01T04:02:50.784624+00:00
NSEbets,top,1rgvi41,https://www.reddit.com/r/NSEbets/comments/1rgvi41/are_we_fucked/,2026-02-28T06:39:56.976000+0000,2026-06-01T04:02:50.784624+00:00
NSEbets,top,1dkhwuo,https://www.reddit.com/r/NSEbets/comments/1dkhwuo/just_made_26k_as_a_17_year_old/,2024-06-20T17:52:53.076000+0000,2026-06-01T04:02:50.784624+00:00
NSEbets,top,1sw3aqp,https://www.reddit.com/r/NSEbets/comments/1sw3aqp/the_stock_market_waiting_to_open_on_monday/,2026-04-26T09:51:36.322000+0000,2026-06-01T04:02:50.784624+00:00
NSEbets,top,1fysouk,https://www.reddit.com/r/NSEbets/comments/1fysouk/the_real_dip/,2024-10-08T05:38:09.953000+0000,2026-06-01T04:02:50.784624+00:00
NSEbets,top,1afendj,https://www.reddit.com/r/NSEbets/comments/1afendj/budget/,2024-01-31T10:14:11.327000+0000,2026-06-01T04:02:50.784624+00:00
NSEbets,top,1qum5bj,https://www.reddit.com/r/NSEbets/comments/1qum5bj/quitting_fo_now_as_whole_year_loss_recovered_in/,2026-02-03T08:02:18.437000+0000,2026-06-01T04:02:50.784624+00:00
NSEbets,top,1rqmjhj,https://www.reddit.com/r/NSEbets/comments/1rqmjhj/is_this_a_real_news/,2026-03-11T06:48:58.712000+0000,2026-06-01T04:02:50.784624+00:00
NSEbets,top,1l6wlmc,https://www.reddit.com/r/NSEbets/comments/1l6wlmc/1_milestone_achieved_this_is_my_one_month_salary/,2025-06-09T05:17:24.799000+0000,2026-06-01T04:02:50.784624+00:00
NSEbets,top,1g8j67a,https://www.reddit.com/r/NSEbets/comments/1g8j67a/trapped/,2024-10-21T06:20:06.337000+0000,2026-06-01T04:02:50.784624+00:00
NSEbets,top,1sb914h,https://www.reddit.com/r/NSEbets/comments/1sb914h/put_holders_lottery/,2026-04-03T09:41:02.453000+0000,2026-06-01T04:02:50.784624+00:00
NSEbets,top,1sa4o0j,https://www.reddit.com/r/NSEbets/comments/1sa4o0j/haan_bhai_kidhar_gaya_wo_70_saal_ka_data_wala/,2026-04-02T02:10:57.040000+0000,2026-06-01T04:02:50.784624+00:00
NSEbets,top,1gwguep,https://www.reddit.com/r/NSEbets/comments/1gwguep/more_trouble/,2024-11-21T13:56:16.450000+0000,2026-06-01T04:02:50.784624+00:00
NSEbets,top,1sm8m3w,https://www.reddit.com/r/NSEbets/comments/1sm8m3w/well_well_well/,2026-04-15T15:01:47.563000+0000,2026-06-01T04:02:50.784624+00:00
NSEbets,top,1f8v14b,https://www.reddit.com/r/NSEbets/comments/1f8v14b/this_cracked_me_up/,2024-09-04T14:40:43.286000+0000,2026-06-01T04:02:50.784624+00:00
NSEbets,top,1dsuktt,https://www.reddit.com/r/NSEbets/comments/1dsuktt/touched_1_cr_in_zerodha_portfolio/,2024-07-01T14:38:27.321000+0000,2026-06-01T04:02:50.784624+00:00
NSEbets,top,1q1ockq,https://www.reddit.com/r/NSEbets/comments/1q1ockq/first_trade_of_the_year_gym_membership_covered/,2026-01-02T03:52:52.224000+0000,2026-06-01T04:02:50.784624+00:00
NSEbets,top,1tgeztj,https://www.reddit.com/r/NSEbets/comments/1tgeztj/officially_confirmed_the_goat_of_strategies/,2026-05-18T07:13:38.735000+0000,2026-06-01T04:02:50.784624+00:00
NSEbets,top,1gkxvcg,https://www.reddit.com/r/NSEbets/comments/1gkxvcg/did_you_guys_see_this/,2024-11-06T12:57:15.925000+0000,2026-06-01T04:02:50.784624+00:00
NSEbets,top,1phxq0a,https://www.reddit.com/r/NSEbets/comments/1phxq0a/told_to_buy_puts_yesterday/,2025-12-09T03:55:32.770000+0000,2026-06-01T04:02:50.784624+00:00
NSEbets,top,1tc5khc,https://www.reddit.com/r/NSEbets/comments/1tc5khc/tomorrow_gap_up_officially_confirmed/,2026-05-13T16:54:36.270000+0000,2026-06-01T04:02:50.784624+00:00
NSEbets,top,1bf735c,https://www.reddit.com/r/NSEbets/comments/1bf735c/_/,2024-03-15T06:00:25.116000+0000,2026-06-01T04:02:50.784624+00:00
NSEbets,top,1medrx1,https://www.reddit.com/r/NSEbets/comments/1medrx1/lost_50_lakhs_in_fo_since_2020_august_i_trade_my/,2025-07-31T21:16:48.754000+0000,2026-06-01T04:02:50.784624+00:00
NSEbets,top,1gbqefw,https://www.reddit.com/r/NSEbets/comments/1gbqefw/2_minutes_silence_for_ola_electric/,2024-10-25T09:42:09.104000+0000,2026-06-01T04:02:50.784624+00:00
NSEbets,top,1ekcyip,https://www.reddit.com/r/NSEbets/comments/1ekcyip/just_a_reminder_dont_do_panic_selling/,2024-08-05T02:38:47.798000+0000,2026-06-01T04:02:50.784624+00:00
NSEbets,top,1rzztld,https://www.reddit.com/r/NSEbets/comments/1rzztld/bola_tha_na_monday_gapup/,2026-03-21T19:06:03.446000+0000,2026-06-01T04:02:50.784624+00:00
NSEbets,top,1s62604,https://www.reddit.com/r/NSEbets/comments/1s62604/do_shabdh_iske_liye/,2026-03-28T14:42:02.202000+0000,2026-06-01T04:02:50.784624+00:00
NSEbets,top,1931lle,https://www.reddit.com/r/NSEbets/comments/1931lle/27_returns_in_just_4_days/,2024-01-10T06:20:14.672000+0000,2026-06-01T04:02:50.784624+00:00
NSEbets,top,1rmjttd,https://www.reddit.com/r/NSEbets/comments/1rmjttd/something_big_just_happened/,2026-03-06T17:11:24.793000+0000,2026-06-01T04:02:50.784624+00:00
NSEbets,top,1s17ss7,https://www.reddit.com/r/NSEbets/comments/1s17ss7/hold_for_tomorrow_or_exit/,2026-03-23T05:00:23.206000+0000,2026-06-01T04:02:50.784624+00:00
NSEbets,top,1olnze1,https://www.reddit.com/r/NSEbets/comments/1olnze1/mahabharat_lesson_why_sl_is_important/,2025-11-01T13:35:05.441000+0000,2026-06-01T04:02:50.784624+00:00
NSEbets,top,1groi16,https://www.reddit.com/r/NSEbets/comments/1groi16/without_the_stock_market_theres_no_purpose_no/,2024-11-15T04:41:21.401000+0000,2026-06-01T04:02:50.784624+00:00
NSEbets,top,1s1kods,https://www.reddit.com/r/NSEbets/comments/1s1kods/everyone_should_agree/,2026-03-23T15:52:29.870000+0000,2026-06-01T04:02:50.784624+00:00
NSEbets,top,1qs52h1,https://www.reddit.com/r/NSEbets/comments/1qs52h1/you_will_not_be_able_to_sell_silverbees_tomorrow/,2026-01-31T15:20:57.812000+0000,2026-06-01T04:02:50.784624+00:00
NSEbets,top,1so07v1,https://www.reddit.com/r/NSEbets/comments/1so07v1/all_you_short_sellers_big_thank_you/,2026-04-17T12:57:22.032000+0000,2026-06-01T04:02:50.784624+00:00
NSEbets,top,1gnfrbw,https://www.reddit.com/r/NSEbets/comments/1gnfrbw/some_crazy_rd_and_innovation_being_done_by_team/,2024-11-09T17:55:22.589000+0000,2026-06-01T04:02:50.784624+00:00
NSEbets,top,1jwhjrk,https://www.reddit.com/r/NSEbets/comments/1jwhjrk/trump_xi_jimping_tariff_competition/,2025-04-11T04:28:32.952000+0000,2026-06-01T04:02:50.784624+00:00
NSEbets,top,1rterjg,https://www.reddit.com/r/NSEbets/comments/1rterjg/sorry_what_why/,2026-03-14T09:11:49.440000+0000,2026-06-01T04:02:50.784624+00:00
NSEbets,top,1j8h16m,https://www.reddit.com/r/NSEbets/comments/1j8h16m/whats_this/,2025-03-11T02:54:58.276000+0000,2026-06-01T04:02:50.784624+00:00
NSEbets,top,1agv7by,https://www.reddit.com/r/NSEbets/comments/1agv7by/am_i_doomed_lost_35k_in_two_days/,2024-02-02T04:29:30.416000+0000,2026-06-01T04:02:50.784624+00:00
NSEbets,top,1sgq0hl,https://www.reddit.com/r/NSEbets/comments/1sgq0hl/morgan_stanley_predicted_sensex_can_go_to_95k_in/,2026-04-09T13:43:16.030000+0000,2026-06-01T04:02:50.784624+00:00
NSEbets,top,1rq2o1z,https://www.reddit.com/r/NSEbets/comments/1rq2o1z/ohk/,2026-03-10T17:05:55.479000+0000,2026-06-01T04:02:50.784624+00:00
NSEbets,top,1smzyrl,https://www.reddit.com/r/NSEbets/comments/1smzyrl/25620_crores_is_the_amount_zerodha_forgoes_by/,2026-04-16T10:49:37.725000+0000,2026-06-01T04:02:50.784624+00:00
NSEbets,top,1pv5k2k,https://www.reddit.com/r/NSEbets/comments/1pv5k2k/i_had_my_own_target_for_20l_per_family_members/,2025-12-25T04:48:43.515000+0000,2026-06-01T04:02:50.784624+00:00
NSEbets,top,1t9srgf,https://www.reddit.com/r/NSEbets/comments/1t9srgf/wheres_the_1lakh_guy_when_nifty_tumbles/,2026-05-11T04:29:00.254000+0000,2026-06-01T04:02:50.784624+00:00
NSEbets,top,1opoef0,https://www.reddit.com/r/NSEbets/comments/1opoef0/why_this_happening_any_idea/,2025-11-06T03:34:53.288000+0000,2026-06-01T04:02:50.784624+00:00
NSEbets,top,1rlh5wz,https://www.reddit.com/r/NSEbets/comments/1rlh5wz/everything_i_touched_turned_gold/,2026-03-05T13:07:12.251000+0000,2026-06-01T04:02:50.784624+00:00
NSEbets,top,1qrdql0,https://www.reddit.com/r/NSEbets/comments/1qrdql0/monday_ko_silver_bhangar_ke_bhav_milegi_kya/,2026-01-30T18:31:08.093000+0000,2026-06-01T04:02:50.784624+00:00
NSEbets,top,1qqbnsa,https://www.reddit.com/r/NSEbets/comments/1qqbnsa/whats_going_on_with_gold_crash/,2026-01-29T15:30:19.415000+0000,2026-06-01T04:02:50.784624+00:00
NSEbets,top,1eph3c9,https://www.reddit.com/r/NSEbets/comments/1eph3c9/adani_response_to_hindenburg/,2024-08-11T09:49:03.949000+0000,2026-06-01T04:02:50.784624+00:00
NSEbets,top,1tqwkfm,https://www.reddit.com/r/NSEbets/comments/1tqwkfm/wtf_just_happened/,2026-05-29T09:33:48.978000+0000,2026-06-01T04:02:50.784624+00:00
NSEbets,top,1tmk0hr,https://www.reddit.com/r/NSEbets/comments/1tmk0hr/no_one_will_forgive_and_forget_your_filthy_insults/,2026-05-24T18:24:06.400000+0000,2026-06-01T04:02:50.784624+00:00
NSEbets,top,1t6ycx6,https://www.reddit.com/r/NSEbets/comments/1t6ycx6/us_destroyers_have_withdrawn_from_the_strait_of/,2026-05-08T05:16:35.872000+0000,2026-06-01T04:02:50.784624+00:00
NSEbets,top,1e0jhxg,https://www.reddit.com/r/NSEbets/comments/1e0jhxg/hold_or_sell/,2024-07-11T07:59:00.442000+0000,2026-06-01T04:02:50.784624+00:00
NSEbets,top,1t64thr,https://www.reddit.com/r/NSEbets/comments/1t64thr/we_can_never_have_nice_things/,2026-05-07T08:54:58.483000+0000,2026-06-01T04:02:50.784624+00:00
NSEbets,top,1ll2ecp,https://www.reddit.com/r/NSEbets/comments/1ll2ecp/true/,2025-06-26T15:02:08.698000+0000,2026-06-01T04:02:50.784624+00:00
NSEbets,top,1fxc6ok,https://www.reddit.com/r/NSEbets/comments/1fxc6ok/bhavish_being_bhavish/,2024-10-06T08:48:59.084000+0000,2026-06-01T04:02:50.784624+00:00
NSEbets,top,1tpuiop,https://www.reddit.com/r/NSEbets/comments/1tpuiop/cartoon/,2026-05-28T05:44:57.045000+0000,2026-06-01T04:02:50.784624+00:00
NSEbets,top,1ra6vnx,https://www.reddit.com/r/NSEbets/comments/1ra6vnx/looks_like_a_300_point_gap_down_now/,2026-02-20T20:41:49.057000+0000,2026-06-01T04:02:50.784624+00:00
NSEbets,top,1jb4j09,https://www.reddit.com/r/NSEbets/comments/1jb4j09/nifty/,2025-03-14T13:58:24.810000+0000,2026-06-01T04:02:50.784624+00:00
NSEbets,top,1fw1e3f,https://www.reddit.com/r/NSEbets/comments/1fw1e3f/bhai_abhi_to_badega_na_ye/,2024-10-04T15:06:17.550000+0000,2026-06-01T04:02:50.784624+00:00
NSEbets,top,1hvnfj7,https://www.reddit.com/r/NSEbets/comments/1hvnfj7/highest_ever_profits_today/,2025-01-07T09:02:14.338000+0000,2026-06-01T04:02:50.784624+00:00
NSEbets,top,1o0c28l,https://www.reddit.com/r/NSEbets/comments/1o0c28l/fo_in_a_nutshell/,2025-10-07T11:26:10.633000+0000,2026-06-01T04:02:50.784624+00:00
NSEbets,top,1qxchmr,https://www.reddit.com/r/NSEbets/comments/1qxchmr/sad_life/,2026-02-06T08:48:22.838000+0000,2026-06-01T04:02:50.784624+00:00
NSEbets,top,1tn1308,https://www.reddit.com/r/NSEbets/comments/1tn1308/year_2030/,2026-05-25T06:50:02.362000+0000,2026-06-01T04:02:50.784624+00:00
NSEbets,top,1ptny8e,https://www.reddit.com/r/NSEbets/comments/1ptny8e/my_father_is_addicted/,2025-12-23T07:32:17.697000+0000,2026-06-01T04:02:50.784624+00:00
NSEbets,top,1epf1d8,https://www.reddit.com/r/NSEbets/comments/1epf1d8/bad_time_for_hidenburg/,2024-08-11T07:28:30.602000+0000,2026-06-01T04:02:50.784624+00:00
NSEbets,top,1dgedyd,https://www.reddit.com/r/NSEbets/comments/1dgedyd/what_is_your_views_on_this/,2024-06-15T09:44:05.592000+0000,2026-06-01T04:02:50.784624+00:00
NSEbets,top,1ipy07p,https://www.reddit.com/r/NSEbets/comments/1ipy07p/if_chud_gye_had_a_face_can_anyone_beat_this/,2025-02-15T09:40:56.124000+0000,2026-06-01T04:02:50.784624+00:00
NSEbets,top,1jtja95,https://www.reddit.com/r/NSEbets/comments/1jtja95/what_should_i_do/,2025-04-07T11:47:14.694000+0000,2026-06-01T04:02:50.784624+00:00
NSEbets,top,1sqpy1t,https://www.reddit.com/r/NSEbets/comments/1sqpy1t/suddenly_i_forget_all_the_things_ive_learned/,2026-04-20T13:51:03.722000+0000,2026-06-01T04:02:50.784624+00:00
NSEbets,top,1rsjha7,https://www.reddit.com/r/NSEbets/comments/1rsjha7/one_more_bad_news/,2026-03-13T10:17:35.270000+0000,2026-06-01T04:02:50.784624+00:00
NSEbets,top,1s7omnw,https://www.reddit.com/r/NSEbets/comments/1s7omnw/made_biggest_profit_in_a_day/,2026-03-30T12:04:13.002000+0000,2026-06-01T04:02:50.784624+00:00
NSEbets,top,1i38qtg,https://www.reddit.com/r/NSEbets/comments/1i38qtg/gold_price_history_last_100_years/,2025-01-17T04:49:35.656000+0000,2026-06-01T04:02:50.784624+00:00
NSEbets,top,1gutd7z,https://www.reddit.com/r/NSEbets/comments/1gutd7z/what_the_hell_happened_here/,2024-11-19T09:30:43.327000+0000,2026-06-01T04:02:50.784624+00:00
NSEbets,top,1bvth4z,https://www.reddit.com/r/NSEbets/comments/1bvth4z/thank_you_options_trading/,2024-04-04T17:41:49.563000+0000,2026-06-01T04:02:50.784624+00:00
NSEbets,top,1k5qipk,https://www.reddit.com/r/NSEbets/comments/1k5qipk/gold_metal_bull_run_madness/,2025-04-23T04:24:34.505000+0000,2026-06-01T04:02:50.784624+00:00
NSEbets,top,1q19yrk,https://www.reddit.com/r/NSEbets/comments/1q19yrk/seems_fake_to_me/,2026-01-01T17:42:26.939000+0000,2026-06-01T04:02:50.784624+00:00
NSEbets,top,1tjao87,https://www.reddit.com/r/NSEbets/comments/1tjao87/maze_to_issi_ke_hai/,2026-05-21T05:20:14.947000+0000,2026-06-01T04:02:50.784624+00:00
NSEbets,top,1mx2hdh,https://www.reddit.com/r/NSEbets/comments/1mx2hdh/hell_yeah/,2025-08-22T10:09:44.543000+0000,2026-06-01T04:02:50.784624+00:00
NSEbets,top,1i0812k,https://www.reddit.com/r/NSEbets/comments/1i0812k/how_fucked_up_are_you/,2025-01-13T06:36:44.319000+0000,2026-06-01T04:02:50.784624+00:00
NSEbets,top,1tn4sko,https://www.reddit.com/r/NSEbets/comments/1tn4sko/fahhh/,2026-05-25T10:11:44.916000+0000,2026-06-01T04:02:50.784624+00:00
NSEbets,top,1fev2u6,https://www.reddit.com/r/NSEbets/comments/1fev2u6/what_do_i_do_sell_or_hold/,2024-09-12T05:27:27.553000+0000,2026-06-01T04:02:50.784624+00:00
NSEbets,top,1re91rk,https://www.reddit.com/r/NSEbets/comments/1re91rk/indeed_a_good_news/,2026-02-25T09:50:50.251000+0000,2026-06-01T04:02:50.784624+00:00
NSEbets,top,1szl0iy,https://www.reddit.com/r/NSEbets/comments/1szl0iy/nifty_gap_down_officially_live/,2026-04-30T03:50:43.682000+0000,2026-06-01T04:02:50.784624+00:00
NSEbets,top,1s1f4k9,https://www.reddit.com/r/NSEbets/comments/1s1f4k9/thanks_to_rnsebets_users_i_booked_my_profits_today/,2026-03-23T12:12:01.849000+0000,2026-06-01T04:02:50.784624+00:00
NSEbets,top,1t4hkwn,https://www.reddit.com/r/NSEbets/comments/1t4hkwn/spyjigu_officially_confirmed_to_be_based/,2026-05-05T14:45:46.310000+0000,2026-06-01T04:02:50.784624+00:00
NSEbets,top,1q3edvo,https://www.reddit.com/r/NSEbets/comments/1q3edvo/whats_happening/,2026-01-04T02:55:52.259000+0000,2026-06-01T04:02:50.784624+00:00
NSEbets,top,1fy2erg,https://www.reddit.com/r/NSEbets/comments/1fy2erg/fii_showing_indian_market_its_real_place/,2024-10-07T07:57:53.191000+0000,2026-06-01T04:02:50.784624+00:00
NSEbets,top,1b4llri,https://www.reddit.com/r/NSEbets/comments/1b4llri/fuck_it_rate_this_shit_nazar_mat_lagana/,2024-03-02T10:50:57.601000+0000,2026-06-01T04:02:50.784624+00:00
NSEbets,top,1s65q88,https://www.reddit.com/r/NSEbets/comments/1s65q88/god_damn/,2026-03-28T16:59:04.261000+0000,2026-06-01T04:02:50.784624+00:00
NSEbets,top,1sfjzzo,https://www.reddit.com/r/NSEbets/comments/1sfjzzo/orange_raccoon_nowadays/,2026-04-08T05:30:51.647000+0000,2026-06-01T04:02:50.784624+00:00
NSEbets,top,1g1ux0j,https://www.reddit.com/r/NSEbets/comments/1g1ux0j/traders_assemble/,2024-10-12T07:29:17.958000+0000,2026-06-01T04:02:50.784624+00:00
NSEbets,top,1qvxewt,https://www.reddit.com/r/NSEbets/comments/1qvxewt/any_berlin_bhakts_here_can_see_this/,2026-02-04T18:58:26.280000+0000,2026-06-01T04:02:50.784624+00:00
NSEbets,top,1q5g8fm,https://www.reddit.com/r/NSEbets/comments/1q5g8fm/finally_in_profit_after_15_years/,2026-01-06T11:35:26.690000+0000,2026-06-01T04:02:50.784624+00:00
NSEbets,top,1hg54te,https://www.reddit.com/r/NSEbets/comments/1hg54te/thoughts_on_this/,2024-12-17T07:03:52.615000+0000,2026-06-01T04:02:50.784624+00:00
NSEbets,top,1qqhyjk,https://www.reddit.com/r/NSEbets/comments/1qqhyjk/gold_silver/,2026-01-29T19:12:23.318000+0000,2026-06-01T04:02:50.784624+00:00
NSEbets,top,1feg761,https://www.reddit.com/r/NSEbets/comments/1feg761/apply_kirchhoffs_law/,2024-09-11T17:40:18.906000+0000,2026-06-01T04:02:50.784624+00:00
NSEbets,top,1s8b3a3,https://www.reddit.com/r/NSEbets/comments/1s8b3a3/the_same_guy_was_saying_yesterday_we_can_open/,2026-03-31T02:32:48.871000+0000,2026-06-01T04:02:50.784624+00:00
NSEbets,top,1qulsfj,https://www.reddit.com/r/NSEbets/comments/1qulsfj/guys_how_many_of_you_faced_this_problem/,2026-02-03T07:40:22.265000+0000,2026-06-01T04:02:50.784624+00:00
NSEbets,top,1j2d1im,https://www.reddit.com/r/NSEbets/comments/1j2d1im/indian_markets_are_not_going_to_recover_anytime/,2025-03-03T07:09:57.867000+0000,2026-06-01T04:02:50.784624+00:00
NSEbets,top,1gay7zh,https://www.reddit.com/r/NSEbets/comments/1gay7zh/me_looking_at_my_portfolio_from_past_1_month/,2024-10-24T09:05:41.775000+0000,2026-06-01T04:02:50.784624+00:00
NSEbets,top,1i6cugr,https://www.reddit.com/r/NSEbets/comments/1i6cugr/what_the_actual_fck/,2025-01-21T06:52:39.244000+0000,2026-06-01T04:02:50.784624+00:00
NSEbets,top,1badupx,https://www.reddit.com/r/NSEbets/comments/1badupx/rate_my_personal_mf_folio/,2024-03-09T09:25:40.331000+0000,2026-06-01T04:02:50.784624+00:00
NSEbets,top,1t382ts,https://www.reddit.com/r/NSEbets/comments/1t382ts/pov_you_trusted_monday_gap_up_officially_confirmed/,2026-05-04T05:02:33.129000+0000,2026-06-01T04:02:50.784624+00:00
NSEbets,top,1rdlrbn,https://www.reddit.com/r/NSEbets/comments/1rdlrbn/what_will_happen_tomorrow_with_nifty_and/,2026-02-24T16:59:12.584000+0000,2026-06-01T04:02:50.784624+00:00
NSEbets,top,1ea3bf6,https://www.reddit.com/r/NSEbets/comments/1ea3bf6/sorry_tai/,2024-07-23T09:14:15.619000+0000,2026-06-01T04:02:50.784624+00:00
NSEbets,top,1tk8vyj,https://www.reddit.com/r/NSEbets/comments/1tk8vyj/indian_markets_gave_249_cagr_over_the_last_9/,2026-05-22T05:01:10.163000+0000,2026-06-01T04:02:50.784624+00:00
NSEbets,top,1q9z3t6,https://www.reddit.com/r/NSEbets/comments/1q9z3t6/beautiful_example_of_how_religion_is_used_to/,2026-01-11T13:16:42.917000+0000,2026-06-01T04:02:50.784624+00:00
NSEbets,top,1q7cqib,https://www.reddit.com/r/NSEbets/comments/1q7cqib/_/,2026-01-08T14:09:15.698000+0000,2026-06-01T04:02:50.784624+00:00
NSEbets,top,1n5nawl,https://www.reddit.com/r/NSEbets/comments/1n5nawl/what_is_that_one_position/,2025-09-01T12:25:49.113000+0000,2026-06-01T04:02:50.784624+00:00
NSEbets,top,1dm0gpt,https://www.reddit.com/r/NSEbets/comments/1dm0gpt/some_17years_old_in_the_sub/,2024-06-22T17:12:05.046000+0000,2026-06-01T04:02:50.784624+00:00
NSEbets,top,1qismrz,https://www.reddit.com/r/NSEbets/comments/1qismrz/please_be_kind_all_my_biggest_winner_ever/,2026-01-21T08:38:25.526000+0000,2026-06-01T04:02:50.784624+00:00
NSEbets,top,1td4srp,https://www.reddit.com/r/NSEbets/comments/1td4srp/stock_market_as_soon_as_i_click_the_sell_button/,2026-05-14T17:18:18.825000+0000,2026-06-01T04:02:50.784624+00:00
NSEbets,top,1j3g07x,https://www.reddit.com/r/NSEbets/comments/1j3g07x/sep_2024_7l_mar_2025_1l/,2025-03-04T17:19:48.547000+0000,2026-06-01T04:02:50.784624+00:00
NSEbets,top,1f7rq14,https://www.reddit.com/r/NSEbets/comments/1f7rq14/were_cooked_guys/,2024-09-03T04:58:04.510000+0000,2026-06-01T04:02:50.784624+00:00
NSEbets,top,1rztia6,https://www.reddit.com/r/NSEbets/comments/1rztia6/another_masterstroke/,2026-03-21T14:55:48.297000+0000,2026-06-01T04:02:50.784624+00:00
NSEbets,top,1gowfk0,https://www.reddit.com/r/NSEbets/comments/1gowfk0/_/,2024-11-11T16:36:28.906000+0000,2026-06-01T04:02:50.784624+00:00
NSEbets,top,19df974,https://www.reddit.com/r/NSEbets/comments/19df974/anyone_facing_this_problem_in_groww_app/,2024-01-23T03:48:23.802000+0000,2026-06-01T04:02:50.784624+00:00
NSEbets,top,1rjjdal,https://www.reddit.com/r/NSEbets/comments/1rjjdal/_/,2026-03-03T07:50:08.789000+0000,2026-06-01T04:02:50.784624+00:00
NSEbets,top,1o90t23,https://www.reddit.com/r/NSEbets/comments/1o90t23/holy_fckkkkbetter_to_do_a_govtdont_rely_on_stock/,2025-10-17T13:06:24.430000+0000,2026-06-01T04:02:50.784624+00:00
NSEbets,top,1bmka61,https://www.reddit.com/r/NSEbets/comments/1bmka61/my_daily_lyfderivatives_and_intraday_both/,2024-03-24T13:04:56.186000+0000,2026-06-01T04:02:50.784624+00:00
NSEbets,top,1ntk2ol,https://www.reddit.com/r/NSEbets/comments/1ntk2ol/my_secret_setup_for_nifty_50_tmrw/,2025-09-29T14:50:42.547000+0000,2026-06-01T04:02:50.784624+00:00
NSEbets,top,1pcw559,https://www.reddit.com/r/NSEbets/comments/1pcw559/reason_why_india_talent_pool_leaving_country/,2025-12-03T05:45:15.440000+0000,2026-06-01T04:02:50.784624+00:00
NSEbets,top,1i7s0h9,https://www.reddit.com/r/NSEbets/comments/1i7s0h9/15_years_ago_this_happened_market_jumps_17_in_a/,2025-01-23T01:34:14.535000+0000,2026-06-01T04:02:50.784624+00:00
NSEbets,top,1splyvu,https://www.reddit.com/r/NSEbets/comments/1splyvu/lost_everything/,2026-04-19T07:12:55.196000+0000,2026-06-01T04:02:50.784624+00:00
NSEbets,top,1qe61g5,https://www.reddit.com/r/NSEbets/comments/1qe61g5/indian_market_rn/,2026-01-16T04:17:43.506000+0000,2026-06-01T04:02:50.784624+00:00
NSEbets,top,1ff08hj,https://www.reddit.com/r/NSEbets/comments/1ff08hj/heart_attack_groww_glitch/,2024-09-12T11:29:01.673000+0000,2026-06-01T04:02:50.784624+00:00
NSEbets,top,1rz5pwe,https://www.reddit.com/r/NSEbets/comments/1rz5pwe/bombastic_march/,2026-03-20T19:26:33.834000+0000,2026-06-01T04:02:50.784624+00:00
NSEbets,top,1gyi8dx,https://www.reddit.com/r/NSEbets/comments/1gyi8dx/243_return/,2024-11-24T04:00:24.237000+0000,2026-06-01T04:02:50.784624+00:00
NSEbets,top,1tidkib,https://www.reddit.com/r/NSEbets/comments/1tidkib/this_mindset_made_me_lose_so_much_money_its_ok_to/,2026-05-20T06:46:06.776000+0000,2026-06-01T04:02:50.784624+00:00
NSEbets,top,1e8s48e,https://www.reddit.com/r/NSEbets/comments/1e8s48e/are_you_guys_scared_is_market_going_to_crash/,2024-07-21T17:52:47.463000+0000,2026-06-01T04:02:50.784624+00:00
NSEbets,top,1ovxgyg,https://www.reddit.com/r/NSEbets/comments/1ovxgyg/50_lakh_allin_on_bihar_results_heres_why_im_not/,2025-11-13T10:16:03.416000+0000,2026-06-01T04:02:50.784624+00:00
NSEbets,top,1ou2kqx,https://www.reddit.com/r/NSEbets/comments/1ou2kqx/it_happens_only_in_india_ias_couple_wrote_book_on/,2025-11-11T06:47:02.988000+0000,2026-06-01T04:02:50.784624+00:00
NSEbets,top,1nx3nlh,https://www.reddit.com/r/NSEbets/comments/1nx3nlh/indian_stock_market_right_now/,2025-10-03T16:19:42.327000+0000,2026-06-01T04:02:50.784624+00:00
NSEbets,top,1tax1wx,https://www.reddit.com/r/NSEbets/comments/1tax1wx/indian_market_crash_recession_in_india/,2026-05-12T10:04:19.516000+0000,2026-06-01T04:02:50.784624+00:00
NSEbets,top,1kxqdmb,https://www.reddit.com/r/NSEbets/comments/1kxqdmb/direct_signals_from_god/,2025-05-28T19:39:46.003000+0000,2026-06-01T04:02:50.784624+00:00
NSEbets,top,1s6j6hy,https://www.reddit.com/r/NSEbets/comments/1s6j6hy/be_ready_for_the_more_portfolio_down_guys/,2026-03-29T02:24:19.108000+0000,2026-06-01T04:02:50.784624+00:00
NSEbets,top,1ervvbw,https://www.reddit.com/r/NSEbets/comments/1ervvbw/what_should_i_do_please_help_me/,2024-08-14T07:56:50.077000+0000,2026-06-01T04:02:50.784624+00:00
NSEbets,top,1lj6wsj,https://www.reddit.com/r/NSEbets/comments/1lj6wsj/gambling_gone_right/,2025-06-24T09:49:32.792000+0000,2026-06-01T04:02:50.784624+00:00
NSEbets,top,1t68jnq,https://www.reddit.com/r/NSEbets/comments/1t68jnq/real_hai/,2026-05-07T12:05:22.598000+0000,2026-06-01T04:02:50.784624+00:00
NSEbets,top,1j02sme,https://www.reddit.com/r/NSEbets/comments/1j02sme/still_green_but_dont_know_how_long/,2025-02-28T08:07:50.729000+0000,2026-06-01T04:02:50.784624+00:00
NSEbets,top,1seudjv,https://www.reddit.com/r/NSEbets/comments/1seudjv/the_final_blow/,2026-04-07T12:20:57.988000+0000,2026-06-01T04:02:50.784624+00:00
NSEbets,top,1rrg7bi,https://www.reddit.com/r/NSEbets/comments/1rrg7bi/one_more_nail_in_the_dead_nifty_coffin/,2026-03-12T03:44:46.938000+0000,2026-06-01T04:02:50.784624+00:00
NSEbets,top,1qtttpl,https://www.reddit.com/r/NSEbets/comments/1qtttpl/life_of_an_option_trader/,2026-02-02T12:33:32.310000+0000,2026-06-01T04:02:50.784624+00:00
NSEbets,top,1qrvocu,https://www.reddit.com/r/NSEbets/comments/1qrvocu/jpm_snagged_3_million_ounces_right_at_the_bottom/,2026-01-31T07:13:14.157000+0000,2026-06-01T04:02:50.784624+00:00
NSEbets,top,1sysgg3,https://www.reddit.com/r/NSEbets/comments/1sysgg3/trump_at_it_again/,2026-04-29T08:09:44.122000+0000,2026-06-01T04:02:50.784624+00:00
NSEbets,top,1is9p8i,https://www.reddit.com/r/NSEbets/comments/1is9p8i/most_important_table_for_new_investors_in_market/,2025-02-18T10:29:06.662000+0000,2026-06-01T04:02:50.784624+00:00
NSEbets,top,1eacoej,https://www.reddit.com/r/NSEbets/comments/1eacoej/reality_of_salaried_class/,2024-07-23T16:47:50.019000+0000,2026-06-01T04:02:50.784624+00:00
NSEbets,top,1orgo92,https://www.reddit.com/r/NSEbets/comments/1orgo92/politician_are_new_king_do_scam_suspend_some/,2025-11-08T04:58:16.588000+0000,2026-06-01T04:02:50.784624+00:00
NSEbets,top,1spw6hq,https://www.reddit.com/r/NSEbets/comments/1spw6hq/rakesh_jhunjhunwala_nifty_could_reach_125000_by/,2026-04-19T15:32:54.852000+0000,2026-06-01T04:02:50.784624+00:00
NSEbets,top,1ozb4cq,https://www.reddit.com/r/NSEbets/comments/1ozb4cq/for_all_the_hate_i_got_on_the_last_posts_this_is/,2025-11-17T08:35:51.482000+0000,2026-06-01T04:02:50.784624+00:00
NSEbets,top,1azp8bv,https://www.reddit.com/r/NSEbets/comments/1azp8bv/reach_1l/,2024-02-25T14:30:48.719000+0000,2026-06-01T04:02:50.784624+00:00
NSEbets,top,1nrohui,https://www.reddit.com/r/NSEbets/comments/1nrohui/relax_its_just_a_pullback_it_will_bounce_back/,2025-09-27T06:54:45.830000+0000,2026-06-01T04:02:50.784624+00:00
NSEbets,top,1f9g6sf,https://www.reddit.com/r/NSEbets/comments/1f9g6sf/boss_ipo_135x_subscription/,2024-09-05T06:57:20.879000+0000,2026-06-01T04:02:50.784624+00:00
NSEbets,top,1k4zp9h,https://www.reddit.com/r/NSEbets/comments/1k4zp9h/gold_crossed_1_lakh_inr_per_10g/,2025-04-22T06:33:00.683000+0000,2026-06-01T04:02:50.784624+00:00
NSEbets,top,1ezl7e4,https://www.reddit.com/r/NSEbets/comments/1ezl7e4/the_product_is_half_baked/,2024-08-23T19:16:03.340000+0000,2026-06-01T04:02:50.784624+00:00
NSEbets,top,1hhlwzl,https://www.reddit.com/r/NSEbets/comments/1hhlwzl/large_cap_stocks_are_giving_0_returns/,2024-12-19T05:35:23.655000+0000,2026-06-01T04:02:50.784624+00:00
NSEbets,top,1fzyi7g,https://www.reddit.com/r/NSEbets/comments/1fzyi7g/rest_in_peace_king/,2024-10-09T18:30:51.045000+0000,2026-06-01T04:02:50.784624+00:00
NSEbets,top,1dptldh,https://www.reddit.com/r/NSEbets/comments/1dptldh/always/,2024-06-27T15:09:36.809000+0000,2026-06-01T04:02:50.784624+00:00
NSEbets,top,1t48tah,https://www.reddit.com/r/NSEbets/comments/1t48tah/officially_confirmed_price_action/,2026-05-05T07:56:30.301000+0000,2026-06-01T04:02:50.784624+00:00
NSEbets,top,1fqh4ir,https://www.reddit.com/r/NSEbets/comments/1fqh4ir/crossed_50l_portfolio_duration_3_years/,2024-09-27T06:07:20.292000+0000,2026-06-01T04:02:50.784624+00:00
NSEbets,top,1nqwpjc,https://www.reddit.com/r/NSEbets/comments/1nqwpjc/can_benner_cycle_be_proven_right_again/,2025-09-26T09:22:00.233000+0000,2026-06-01T04:02:50.784624+00:00
NSEbets,top,1mpw6hi,https://www.reddit.com/r/NSEbets/comments/1mpw6hi/lost_and_broken/,2025-08-14T09:52:42.534000+0000,2026-06-01T04:02:50.784624+00:00
NSEbets,top,1gv3fyf,https://www.reddit.com/r/NSEbets/comments/1gv3fyf/me_buying_one_last_dip/,2024-11-19T17:59:24.048000+0000,2026-06-01T04:02:50.784624+00:00
NSEbets,top,1f5htoq,https://www.reddit.com/r/NSEbets/comments/1f5htoq/chaaman_chutiyo_ki_kami_nahi_hai_iss_desh_mein/,2024-08-31T07:35:54.063000+0000,2026-06-01T04:02:50.784624+00:00
NSEbets,top,1gn5yhr,https://www.reddit.com/r/NSEbets/comments/1gn5yhr/average_fno_trader/,2024-11-09T08:50:49.575000+0000,2026-06-01T04:02:50.784624+00:00
NSEbets,top,1lx0kj7,https://www.reddit.com/r/NSEbets/comments/1lx0kj7/my_dad_lost_45_lakhs/,2025-07-11T07:21:10.385000+0000,2026-06-01T04:02:50.784624+00:00
NSEbets,top,1e7rwww,https://www.reddit.com/r/NSEbets/comments/1e7rwww/ominous_signs/,2024-07-20T09:40:06.113000+0000,2026-06-01T04:02:50.784624+00:00
NSEbets,top,1qvoho2,https://www.reddit.com/r/NSEbets/comments/1qvoho2/the_smartest_cousin_among_us_lost_everything_in/,2026-02-04T13:25:35.628000+0000,2026-06-01T04:02:50.784624+00:00
NSEbets,top,1t4hi48,https://www.reddit.com/r/NSEbets/comments/1t4hi48/i_love_yall_put_holders/,2026-05-05T14:42:47.320000+0000,2026-06-01T04:02:50.784624+00:00
NSEbets,top,1lkqdk3,https://www.reddit.com/r/NSEbets/comments/1lkqdk3/dad_gave_me_10_lakhs_to_invest_7_days_ago_sell/,2025-06-26T03:55:37.895000+0000,2026-06-01T04:02:50.784624+00:00
NSEbets,top,1i6etje,https://www.reddit.com/r/NSEbets/comments/1i6etje/anyone_played_today/,2025-01-21T09:23:07.796000+0000,2026-06-01T04:02:50.784624+00:00
NSEbets,top,1rh2uz9,https://www.reddit.com/r/NSEbets/comments/1rh2uz9/who_is_like_me/,2026-02-28T13:38:05.974000+0000,2026-06-01T04:02:50.784624+00:00
NSEbets,top,1dmj3fn,https://www.reddit.com/r/NSEbets/comments/1dmj3fn/no_offence_just_for_fun/,2024-06-23T10:20:40.332000+0000,2026-06-01T04:02:50.784624+00:00
NSEbets,top,1cxowqc,https://www.reddit.com/r/NSEbets/comments/1cxowqc/my_total_investment_value_reached_5k_as_a_19yo/,2024-05-22T01:51:56.566000+0000,2026-06-01T04:02:50.784624+00:00
NSEbets,top,1qoc10c,https://www.reddit.com/r/NSEbets/comments/1qoc10c/the_insane_amount_of_options_knowledge_this_guy/,2026-01-27T12:05:32.330000+0000,2026-06-01T04:02:50.784624+00:00
NSEbets,top,1bx1z11,https://www.reddit.com/r/NSEbets/comments/1bx1z11/200_out_of_150crores/,2024-04-06T03:49:48.179000+0000,2026-06-01T04:02:50.784624+00:00
NSEbets,top,1qydnj7,https://www.reddit.com/r/NSEbets/comments/1qydnj7/my_dear_call_buyers_and_put_writers/,2026-02-07T13:21:27.054000+0000,2026-06-01T04:02:50.784624+00:00
NSEbets,top,1mun2th,https://www.reddit.com/r/NSEbets/comments/1mun2th/i_think_this_will_boost_market_tomorrow/,2025-08-19T16:18:34.228000+0000,2026-06-01T04:02:50.784624+00:00
NSEbets,top,1c6y6fr,https://www.reddit.com/r/NSEbets/comments/1c6y6fr/thanks_to_the_almighty/,2024-04-18T08:23:33.492000+0000,2026-06-01T04:02:50.784624+00:00
NSEbets,top,1se1oia,https://www.reddit.com/r/NSEbets/comments/1se1oia/its_all_over_now/,2026-04-06T15:13:40.802000+0000,2026-06-01T04:02:50.784624+00:00
NSEbets,top,1nmwkzp,https://www.reddit.com/r/NSEbets/comments/1nmwkzp/dont_be_chintu/,2025-09-21T16:32:48.543000+0000,2026-06-01T04:02:50.784624+00:00
NSEbets,top,1qzy4j9,https://www.reddit.com/r/NSEbets/comments/1qzy4j9/day_11000_profit_2269/,2026-02-09T07:42:26.228000+0000,2026-06-01T04:02:50.784624+00:00
NSEbets,top,1gcjvv9,https://www.reddit.com/r/NSEbets/comments/1gcjvv9/brilliant_quote_for_stock_markets/,2024-10-26T12:24:04.764000+0000,2026-06-01T04:02:50.784624+00:00
NSEbets,top,1sffijl,https://www.reddit.com/r/NSEbets/comments/1sffijl/trump_will_go_down_as_the_biggest_manipulator_in/,2026-04-08T01:48:36.719000+0000,2026-06-01T04:02:50.784624+00:00
NSEbets,top,1qu1dnm,https://www.reddit.com/r/NSEbets/comments/1qu1dnm/what_will_be_my_profit_tommorrow/,2026-02-02T17:25:04.530000+0000,2026-06-01T04:02:50.784624+00:00
NSEbets,top,1tf06yr,https://www.reddit.com/r/NSEbets/comments/1tf06yr/desh_ka_yuva/,2026-05-16T17:36:23.619000+0000,2026-06-01T04:02:50.784624+00:00
NSEbets,top,1rxtd6m,https://www.reddit.com/r/NSEbets/comments/1rxtd6m/stock_market_reality_in_3d_a_humorous_take_on_the/,2026-03-19T06:56:13.302000+0000,2026-06-01T04:02:50.784624+00:00
NSEbets,top,1quonln,https://www.reddit.com/r/NSEbets/comments/1quonln/quitting_fo/,2026-02-03T10:40:05.230000+0000,2026-06-01T04:02:50.784624+00:00
NSEbets,top,1sd21mm,https://www.reddit.com/r/NSEbets/comments/1sd21mm/tuesday_will_be_power_plant_day/,2026-04-05T12:12:17.362000+0000,2026-06-01T04:02:50.784624+00:00
NSEbets,top,1s5su04,https://www.reddit.com/r/NSEbets/comments/1s5su04/one_month_pnl_with_160000_capital/,2026-03-28T06:24:34.556000+0000,2026-06-01T04:02:50.784624+00:00
NSEbets,top,1o1z7mp,https://www.reddit.com/r/NSEbets/comments/1o1z7mp/my_target_is_to_bring_india_on_the_top_of_this/,2025-10-09T07:00:55.017000+0000,2026-06-01T04:02:50.784624+00:00
NSEbets,top,1ewssla,https://www.reddit.com/r/NSEbets/comments/1ewssla/wohoo_divided_credited/,2024-08-20T11:11:22.655000+0000,2026-06-01T04:02:50.784624+00:00
NSEbets,top,1bgr0p2,https://www.reddit.com/r/NSEbets/comments/1bgr0p2/3_stages_of_grief/,2024-03-17T06:26:44.321000+0000,2026-06-01T04:02:50.784624+00:00
NSEbets,top,1siau68,https://www.reddit.com/r/NSEbets/comments/1siau68/aaj_ka_gyan/,2026-04-11T05:57:01.992000+0000,2026-06-01T04:02:50.784624+00:00
NSEbets,top,1sv8u1i,https://www.reddit.com/r/NSEbets/comments/1sv8u1i/position_hedge_krli/,2026-04-25T10:45:47.988000+0000,2026-06-01T04:02:50.784624+00:00
NSEbets,top,1rzixdq,https://www.reddit.com/r/NSEbets/comments/1rzixdq/historical/,2026-03-21T05:06:37.268000+0000,2026-06-01T04:02:50.784624+00:00
NSEbets,top,1gu6xij,https://www.reddit.com/r/NSEbets/comments/1gu6xij/when_the_bull_cant_bear_it_anymore/,2024-11-18T15:12:46.135000+0000,2026-06-01T04:02:50.784624+00:00
NSEbets,top,1f054to,https://www.reddit.com/r/NSEbets/comments/1f054to/now_launching_olabook/,2024-08-24T13:20:56.871000+0000,2026-06-01T04:02:50.784624+00:00
NSEbets,top,1t5eckf,https://www.reddit.com/r/NSEbets/comments/1t5eckf/the_most_beautiful_strategy_ever/,2026-05-06T14:20:22.987000+0000,2026-06-01T04:02:50.784624+00:00
NSEbets,top,1snpli6,https://www.reddit.com/r/NSEbets/comments/1snpli6/ama_hit_20l_portfolio_6_yrs_corportae/,2026-04-17T03:38:24.182000+0000,2026-06-01T04:02:50.784624+00:00
NSEbets,top,1sbc4sc,https://www.reddit.com/r/NSEbets/comments/1sbc4sc/usa_pilot_captured/,2026-04-03T12:24:11.367000+0000,2026-06-01T04:02:50.784624+00:00
NSEbets,top,1jz0kj2,https://www.reddit.com/r/NSEbets/comments/1jz0kj2/height_of_degenere_i_had_just_6000_in_my_account/,2025-04-14T14:43:05.799000+0000,2026-06-01T04:02:50.784624+00:00
NSEbets,top,1f1g8jq,https://www.reddit.com/r/NSEbets/comments/1f1g8jq/ola_babes_im_waiting/,2024-08-26T05:03:15.401000+0000,2026-06-01T04:02:50.784624+00:00
NSEbets,top,1aowegh,https://www.reddit.com/r/NSEbets/comments/1aowegh/am_i_fucked/,2024-02-12T09:47:40.404000+0000,2026-06-01T04:02:50.784624+00:00
NSEbets,top,1sa5qnb,https://www.reddit.com/r/NSEbets/comments/1sa5qnb/i_just_cant_stop_laughing_man_give_this_person_a/,2026-04-02T02:59:59.510000+0000,2026-06-01T04:02:50.784624+00:00
NSEbets,top,1loaknf,https://www.reddit.com/r/NSEbets/comments/1loaknf/recovered_8_lakh_loss/,2025-06-30T15:32:04.611000+0000,2026-06-01T04:02:50.784624+00:00
NSEbets,top,1fkcjy1,https://www.reddit.com/r/NSEbets/comments/1fkcjy1/hal_dil_mera_pucho_na_sanam/,2024-09-19T04:26:41.059000+0000,2026-06-01T04:02:50.784624+00:00
NSEbets,top,1bktex5,https://www.reddit.com/r/NSEbets/comments/1bktex5/i_demand_dividend/,2024-03-22T07:17:47.054000+0000,2026-06-01T04:02:50.784624+00:00
NSEbets,top,1rbjfmw,https://www.reddit.com/r/NSEbets/comments/1rbjfmw/are_we_looking_at_a_massive_gapdown_tomorrow/,2026-02-22T11:22:54.151000+0000,2026-06-01T04:02:50.784624+00:00
NSEbets,top,1t6dnnc,https://www.reddit.com/r/NSEbets/comments/1t6dnnc/me_after_todays_spike/,2026-05-07T15:20:11.497000+0000,2026-06-01T04:02:50.784624+00:00
NSEbets,top,1rw2ugh,https://www.reddit.com/r/NSEbets/comments/1rw2ugh/biggest_loss_of_my_life/,2026-03-17T10:33:07.100000+0000,2026-06-01T04:02:50.784624+00:00
NSEbets,top,1rqm205,https://www.reddit.com/r/NSEbets/comments/1rqm205/after_learning_correct_entry_and_correct_exit/,2026-03-11T06:19:02.674000+0000,2026-06-01T04:02:50.784624+00:00
NSEbets,top,1g993h7,https://www.reddit.com/r/NSEbets/comments/1g993h7/my_heart_is_beating_fast/,2024-10-22T03:43:23.135000+0000,2026-06-01T04:02:50.784624+00:00
NSEbets,top,1exr9zf,https://www.reddit.com/r/NSEbets/comments/1exr9zf/please_review_my_portfolio/,2024-08-21T14:38:05.691000+0000,2026-06-01T04:02:50.784624+00:00
NSEbets,top,1s3zkmv,https://www.reddit.com/r/NSEbets/comments/1s3zkmv/two_types_of_trader/,2026-03-26T06:12:34.884000+0000,2026-06-01T04:02:50.784624+00:00
NSEbets,top,1tel3on,https://www.reddit.com/r/NSEbets/comments/1tel3on/this_strategy_always_works/,2026-05-16T06:04:03.984000+0000,2026-06-01T04:02:50.784624+00:00
NSEbets,top,1kyvdq1,https://www.reddit.com/r/NSEbets/comments/1kyvdq1/closed_account/,2025-05-30T04:29:14.227000+0000,2026-06-01T04:02:50.784624+00:00
NSEbets,top,1gsuw2f,https://www.reddit.com/r/NSEbets/comments/1gsuw2f/_/,2024-11-16T19:27:08.573000+0000,2026-06-01T04:02:50.784624+00:00
NSEbets,top,1qn3rd3,https://www.reddit.com/r/NSEbets/comments/1qn3rd3/mcx_silver_stonks/,2026-01-26T02:44:00.552000+0000,2026-06-01T04:02:50.784624+00:00
NSEbets,top,1q80lsk,https://www.reddit.com/r/NSEbets/comments/1q80lsk/_/,2026-01-09T06:11:51.650000+0000,2026-06-01T04:02:50.784624+00:00
NSEbets,top,1sd2yuj,https://www.reddit.com/r/NSEbets/comments/1sd2yuj/_/,2026-04-05T12:57:40.818000+0000,2026-06-01T04:02:50.784624+00:00
NSEbets,top,1s1e3b8,https://www.reddit.com/r/NSEbets/comments/1s1e3b8/thank_you_for_your_attention_to_this_matter/,2026-03-23T11:20:45.624000+0000,2026-06-01T04:02:50.784624+00:00
NSEbets,top,1tjk8lx,https://www.reddit.com/r/NSEbets/comments/1tjk8lx/sebi_just_dropped_the_data_nobody_is_sharing/,2026-05-21T13:17:09.546000+0000,2026-06-01T04:02:50.784624+00:00
NSEbets,top,1fnnma3,https://www.reddit.com/r/NSEbets/comments/1fnnma3/nifty_these_days/,2024-09-23T15:44:52.683000+0000,2026-06-01T04:02:50.784624+00:00
NSEbets,top,1egm2la,https://www.reddit.com/r/NSEbets/comments/1egm2la/buy_the_dip/,2024-07-31T12:36:13.073000+0000,2026-06-01T04:02:50.784624+00:00
NSEbets,top,1duf0js,https://www.reddit.com/r/NSEbets/comments/1duf0js/finallyyy_booked_profit_ama/,2024-07-03T13:57:56.604000+0000,2026-06-01T04:02:50.784624+00:00
NSEbets,top,1jtczvr,https://www.reddit.com/r/NSEbets/comments/1jtczvr/guysss/,2025-04-07T04:29:07.303000+0000,2026-06-01T04:02:50.784624+00:00
NSEbets,top,1ev3tds,https://www.reddit.com/r/NSEbets/comments/1ev3tds/numerous_efforts/,2024-08-18T07:45:38.569000+0000,2026-06-01T04:02:50.784624+00:00
NSEbets,top,1sb2tmd,https://www.reddit.com/r/NSEbets/comments/1sb2tmd/ye_djt_ptous_nahi_sudharne_wala/,2026-04-03T03:44:22.357000+0000,2026-06-01T04:02:50.784624+00:00
NSEbets,top,1r6zum0,https://www.reddit.com/r/NSEbets/comments/1r6zum0/imagine_being_a_panauti/,2026-02-17T07:41:30.710000+0000,2026-06-01T04:02:50.784624+00:00
NSEbets,top,1sw6e2v,https://www.reddit.com/r/NSEbets/comments/1sw6e2v/views_on_mondays_opening/,2026-04-26T12:35:40.100000+0000,2026-06-01T04:02:50.784624+00:00
NSEbets,top,1flzf0y,https://www.reddit.com/r/NSEbets/comments/1flzf0y/holding_it_for_past_4_years/,2024-09-21T09:47:15.870000+0000,2026-06-01T04:02:50.784624+00:00
NSEbets,top,1tone37,https://www.reddit.com/r/NSEbets/comments/1tone37/if_you_can_trade_with_trump_in_office_you_can_do/,2026-05-26T23:04:18.076000+0000,2026-06-01T04:02:50.784624+00:00
NSEbets,top,1t91s1m,https://www.reddit.com/r/NSEbets/comments/1t91s1m/hantavirus_2_cases_in_india_or_more/,2026-05-10T09:02:08.963000+0000,2026-06-01T04:02:50.784624+00:00
NSEbets,top,1tgd9se,https://www.reddit.com/r/NSEbets/comments/1tgd9se/nifty_1200_pm_gap_up_officially_confirmed/,2026-05-18T05:40:30.941000+0000,2026-06-01T04:02:50.784624+00:00
NSEbets,top,1pb5ihe,https://www.reddit.com/r/NSEbets/comments/1pb5ihe/welcome_back_jane_streetwe_missed_you/,2025-12-01T06:25:11.926000+0000,2026-06-01T04:02:50.784624+00:00
NSEbets,top,1fexz1b,https://www.reddit.com/r/NSEbets/comments/1fexz1b/can_anyone_explain_wtf_is_happening/,2024-09-12T08:57:49.578000+0000,2026-06-01T04:02:50.784624+00:00
NSEbets,top,19409tf,https://www.reddit.com/r/NSEbets/comments/19409tf/portfolio_review/,2024-01-11T12:11:20.443000+0000,2026-06-01T04:02:50.784624+00:00
NSEbets,top,1tcwy3x,https://www.reddit.com/r/NSEbets/comments/1tcwy3x/officially_confirmed_strategy/,2026-05-14T12:39:01.099000+0000,2026-06-01T04:02:50.784624+00:00
NSEbets,top,1r3i6j6,https://www.reddit.com/r/NSEbets/comments/1r3i6j6/anthropic_drops_new_ai_model_dalal_street_drops/,2026-02-13T06:46:30.580000+0000,2026-06-01T04:02:50.784624+00:00
NSEbets,top,1aim2cg,https://www.reddit.com/r/NSEbets/comments/1aim2cg/bought_my_first_stock_on_1st_jan_2024_and_i_got/,2024-02-04T11:40:30.809000+0000,2026-06-01T04:02:50.784624+00:00
NSEbets,top,1s9bwe4,https://www.reddit.com/r/NSEbets/comments/1s9bwe4/two_words_for_me_i_destroyed_myself/,2026-04-01T05:46:37.834000+0000,2026-06-01T04:02:50.784624+00:00
NSEbets,top,1rj01h8,https://www.reddit.com/r/NSEbets/comments/1rj01h8/a_long_read_indulge_if_you_can_spare_some_time/,2026-03-02T17:59:44.353000+0000,2026-06-01T04:02:50.784624+00:00
NSEbets,top,1b70084,https://www.reddit.com/r/NSEbets/comments/1b70084/booked_200points_in_banknifty_breakout_today/,2024-03-05T08:01:37.183000+0000,2026-06-01T04:02:50.784624+00:00
NSEbets,top,1gzb6fa,https://www.reddit.com/r/NSEbets/comments/1gzb6fa/it_just_doesnt_make_any_sense/,2024-11-25T05:01:05.954000+0000,2026-06-01T04:02:50.784624+00:00
NSEbets,top,1fob9yl,https://www.reddit.com/r/NSEbets/comments/1fob9yl/is_she_now_a_pop_culture_icon/,2024-09-24T12:29:11.955000+0000,2026-06-01T04:02:50.784624+00:00
NSEbets,top,1g0mnnd,https://www.reddit.com/r/NSEbets/comments/1g0mnnd/just_discovered_scooter_chart/,2024-10-10T16:20:07.350000+0000,2026-06-01T04:02:50.784624+00:00
NSEbets,top,1somq4r,https://www.reddit.com/r/NSEbets/comments/1somq4r/find_india_from_gdp_per_capita_ranking_search/,2026-04-18T03:47:06.141000+0000,2026-06-01T04:02:50.784624+00:00
NSEbets,top,1o9mvof,https://www.reddit.com/r/NSEbets/comments/1o9mvof/bhula/,2025-10-18T04:51:57.604000+0000,2026-06-01T04:02:50.784624+00:00
NSEbets,top,1ht8swc,https://www.reddit.com/r/NSEbets/comments/1ht8swc/portfolio_updateheld_for_less_than_3_months/,2025-01-04T06:57:42.454000+0000,2026-06-01T04:02:50.784624+00:00
NSEbets,top,1eq4fld,https://www.reddit.com/r/NSEbets/comments/1eq4fld/is_it_the_right_time_to_buy/,2024-08-12T04:15:29.140000+0000,2026-06-01T04:02:50.784624+00:00
NSEbets,top,1kn0akv,https://www.reddit.com/r/NSEbets/comments/1kn0akv/another_good_daywas_expecting_move_till_24750_and/,2025-05-15T05:15:47.978000+0000,2026-06-01T04:02:50.784624+00:00
NSEbets,top,1qwjs20,https://www.reddit.com/r/NSEbets/comments/1qwjs20/from_toptier_success_to_70_lakh_debt_how_options/,2026-02-05T12:18:40.915000+0000,2026-06-01T04:02:50.784624+00:00
NSEbets,top,1q20ygg,https://www.reddit.com/r/NSEbets/comments/1q20ygg/jpmorgan_finds_loopholes_to_get_unlimited_money/,2026-01-02T15:07:31.912000+0000,2026-06-01T04:02:50.784624+00:00
NSEbets,top,1fz3j2o,https://www.reddit.com/r/NSEbets/comments/1fz3j2o/its_over/,2024-10-08T16:08:52.325000+0000,2026-06-01T04:02:50.784624+00:00
NSEbets,top,1fhy1o4,https://www.reddit.com/r/NSEbets/comments/1fhy1o4/ye_dukh_khatam_kahe_nai_hota/,2024-09-16T06:32:50.032000+0000,2026-06-01T04:02:50.784624+00:00
NSEbets,top,1df28vx,https://www.reddit.com/r/NSEbets/comments/1df28vx/made_35l_as_a_35year_old/,2024-06-13T15:50:15.160000+0000,2026-06-01T04:02:50.784624+00:00
NSEbets,top,1qssm4h,https://www.reddit.com/r/NSEbets/comments/1qssm4h/a_good_day_for_me/,2026-02-01T08:07:56.221000+0000,2026-06-01T04:02:50.784624+00:00
NSEbets,top,1li85st,https://www.reddit.com/r/NSEbets/comments/1li85st/trump_daddy_didnot_pound_iran_hard_enough/,2025-06-23T05:06:03.918000+0000,2026-06-01T04:02:50.784624+00:00
NSEbets,top,1jpz91j,https://www.reddit.com/r/NSEbets/comments/1jpz91j/ab_hoga_maut_ka_nangha_nach/,2025-04-02T20:41:28.198000+0000,2026-06-01T04:02:50.784624+00:00
NSEbets,top,1f1q9sl,https://www.reddit.com/r/NSEbets/comments/1f1q9sl/rate_my_list/,2024-08-26T14:57:30.307000+0000,2026-06-01T04:02:50.784624+00:00
NSEbets,top,1s405dd,https://www.reddit.com/r/NSEbets/comments/1s405dd/the_goal_of_the_war_seems_to_have_shifted_to/,2026-03-26T06:47:29.186000+0000,2026-06-01T04:02:50.784624+00:00
NSEbets,top,1owq6md,https://www.reddit.com/r/NSEbets/comments/1owq6md/25l_50_holding_averaging/,2025-11-14T07:31:48.325000+0000,2026-06-01T04:02:50.784624+00:00
NSEbets,top,1mk4mx0,https://www.reddit.com/r/NSEbets/comments/1mk4mx0/my_salary_is_60000_at_my_job_and_income_from_fno/,2025-08-07T16:24:44.304000+0000,2026-06-01T04:02:50.784624+00:00
NSEbets,top,1pn6l7d,https://www.reddit.com/r/NSEbets/comments/1pn6l7d/op_ab_ghate_main_nahi_raha_abhi_ke_liye_p/,2025-12-15T12:51:57.200000+0000,2026-06-01T04:02:50.784624+00:00
NSEbets,top,1ows5rt,https://www.reddit.com/r/NSEbets/comments/1ows5rt/wtf_was_that_boner_bro/,2025-11-14T09:39:24.156000+0000,2026-06-01T04:02:50.784624+00:00
NSEbets,top,1mo0n1d,https://www.reddit.com/r/NSEbets/comments/1mo0n1d/herozero_risk_4l/,2025-08-12T05:52:05.437000+0000,2026-06-01T04:02:50.784624+00:00
NSEbets,top,1j0skqm,https://www.reddit.com/r/NSEbets/comments/1j0skqm/true/,2025-03-01T05:48:18.287000+0000,2026-06-01T04:02:50.784624+00:00
NSEbets,top,1qrtz1f,https://www.reddit.com/r/NSEbets/comments/1qrtz1f/any_advice_guys/,2026-01-31T05:40:57.023000+0000,2026-06-01T04:02:50.784624+00:00
NSEbets,top,1puq3yk,https://www.reddit.com/r/NSEbets/comments/1puq3yk/power_of_option_selling/,2025-12-24T15:36:49.092000+0000,2026-06-01T04:02:50.784624+00:00
NSEbets,top,1bkel2m,https://www.reddit.com/r/NSEbets/comments/1bkel2m/fd_vs_stock_market_in_case_of_hdfc/,2024-03-21T19:08:00.993000+0000,2026-06-01T04:02:50.784624+00:00
NSEbets,top,1rr0m3h,https://www.reddit.com/r/NSEbets/comments/1rr0m3h/end_this_war/,2026-03-11T17:41:07.022000+0000,2026-06-01T04:02:50.784624+00:00
NSEbets,top,1rn4sxy,https://www.reddit.com/r/NSEbets/comments/1rn4sxy/finally_something_positive_for_our_sensitive/,2026-03-07T08:31:48.901000+0000,2026-06-01T04:02:50.784624+00:00
NSEbets,top,1rkhsd3,https://www.reddit.com/r/NSEbets/comments/1rkhsd3/bought_and_forgot_to_exit/,2026-03-04T10:15:51.674000+0000,2026-06-01T04:02:50.784624+00:00
NSEbets,top,1quwqhu,https://www.reddit.com/r/NSEbets/comments/1quwqhu/stay_away_from_people_like_him/,2026-02-03T16:34:52.038000+0000,2026-06-01T04:02:50.784624+00:00
NSEbets,top,1nocjkt,https://www.reddit.com/r/NSEbets/comments/1nocjkt/my_best_zero_hero_ever/,2025-09-23T09:14:03.355000+0000,2026-06-01T04:02:50.784624+00:00
NSEbets,top,1bumm9y,https://www.reddit.com/r/NSEbets/comments/1bumm9y/im_18_rn_and_i_started_my_sip/,2024-04-03T07:31:44.527000+0000,2026-06-01T04:02:50.784624+00:00
NSEbets,top,1ssykf0,https://www.reddit.com/r/NSEbets/comments/1ssykf0/found_this_site_randomly_while_comparing_brokers/,2026-04-22T21:16:49.700000+0000,2026-06-01T04:02:50.784624+00:00
NSEbets,top,1n92qix,https://www.reddit.com/r/NSEbets/comments/1n92qix/trump_says_us_has_lost_india/,2025-09-05T11:31:09.554000+0000,2026-06-01T04:02:50.784624+00:00
NSEbets,top,1eujvbl,https://www.reddit.com/r/NSEbets/comments/1eujvbl/im_new_why_shouldnt_i_invest_1_lakh_rupees_in_ola/,2024-08-17T15:06:23.595000+0000,2026-06-01T04:02:50.784624+00:00
NSEbets,top,1tt2m3q,https://www.reddit.com/r/NSEbets/comments/1tt2m3q/mods_please_ban_this_spammer/,2026-05-31T18:05:51.585000+0000,2026-06-01T04:02:50.784624+00:00
NSEbets,top,1sywn3j,https://www.reddit.com/r/NSEbets/comments/1sywn3j/mental_health_after_heavy_losses_in_options/,2026-04-29T11:56:56.714000+0000,2026-06-01T04:02:50.784624+00:00
NSEbets,top,1symdu6,https://www.reddit.com/r/NSEbets/comments/1symdu6/hell_hole/,2026-04-29T02:51:43.751000+0000,2026-06-01T04:02:50.784624+00:00
NSEbets,top,1s4whwd,https://www.reddit.com/r/NSEbets/comments/1s4whwd/one_thing_is_sure_the_value_lost_by_the_inr_is/,2026-03-27T06:33:05.938000+0000,2026-06-01T04:02:50.784624+00:00
NSEbets,top,1qq0ngv,https://www.reddit.com/r/NSEbets/comments/1qq0ngv/perfectly_balanced/,2026-01-29T06:09:17.736000+0000,2026-06-01T04:02:50.784624+00:00
NSEbets,top,1qh25c7,https://www.reddit.com/r/NSEbets/comments/1qh25c7/started_getting_daily_profit_equivalent_to_the/,2026-01-19T11:51:46.699000+0000,2026-06-01T04:02:50.784624+00:00
NSEbets,top,1npzx9d,https://www.reddit.com/r/NSEbets/comments/1npzx9d/never_belive_cnbc_from_now_on/,2025-09-25T06:58:47.734000+0000,2026-06-01T04:02:50.784624+00:00
NSEbets,top,1l64vd8,https://www.reddit.com/r/NSEbets/comments/1l64vd8/hall_of_fame/,2025-06-08T05:45:32.472000+0000,2026-06-01T04:02:50.784624+00:00
NSEbets,top,1fsns7e,https://www.reddit.com/r/NSEbets/comments/1fsns7e/76_soon/,2024-09-30T04:55:26.177000+0000,2026-06-01T04:02:50.784624+00:00
NSEbets,top,1r7y86t,https://www.reddit.com/r/NSEbets/comments/1r7y86t/discipline_pays/,2026-02-18T09:13:15.507000+0000,2026-06-01T04:02:50.784624+00:00
NSEbets,top,1e0l63v,https://www.reddit.com/r/NSEbets/comments/1e0l63v/wake_up_trade_iredamazdock_sleep/,2024-07-11T09:57:07.364000+0000,2026-06-01T04:02:50.784624+00:00
NSEbets,top,1sbacun,https://www.reddit.com/r/NSEbets/comments/1sbacun/these_insider_traders_leeches_shouldnt_be_able_to/,2026-04-03T10:56:07.420000+0000,2026-06-01T04:02:50.784624+00:00
NSEbets,top,1s32gv9,https://www.reddit.com/r/NSEbets/comments/1s32gv9/are_you_now_negotiating_with_yourselves_iran_is/,2026-03-25T05:53:59.307000+0000,2026-06-01T04:02:50.784624+00:00
NSEbets,top,1rrmoxd,https://www.reddit.com/r/NSEbets/comments/1rrmoxd/on_a_mission_to_make_30k_100_times_starting_today/,2026-03-12T10:06:33.936000+0000,2026-06-01T04:02:50.784624+00:00
NSEbets,top,1mqy4v7,https://www.reddit.com/r/NSEbets/comments/1mqy4v7/nifty_should_fly/,2025-08-15T13:39:23.200000+0000,2026-06-01T04:02:50.784624+00:00
NSEbets,top,1r604c5,https://www.reddit.com/r/NSEbets/comments/1r604c5/done_for_the_day/,2026-02-16T04:39:32.057000+0000,2026-06-01T04:02:50.784624+00:00
NSEbets,top,1h75cl9,https://www.reddit.com/r/NSEbets/comments/1h75cl9/wtf_just_happend/,2024-12-05T09:26:19.149000+0000,2026-06-01T04:02:50.784624+00:00
NSEbets,top,1tib8qk,https://www.reddit.com/r/NSEbets/comments/1tib8qk/nifty_1200_pm_gap_down_officially_confirmed/,2026-05-20T04:44:20.011000+0000,2026-06-01T04:02:50.784624+00:00
NSEbets,top,1sqiha5,https://www.reddit.com/r/NSEbets/comments/1sqiha5/yeh_war_kab_bandh_hoga_prediction_batao/,2026-04-20T07:36:52.500000+0000,2026-06-01T04:02:50.784624+00:00
NSEbets,top,1rpujk7,https://www.reddit.com/r/NSEbets/comments/1rpujk7/worst_day_as_a_trader/,2026-03-10T11:37:43.395000+0000,2026-06-01T04:02:50.784624+00:00
NSEbets,top,1r9y21m,https://www.reddit.com/r/NSEbets/comments/1r9y21m/gap_up_on_monday/,2026-02-20T15:17:24.152000+0000,2026-06-01T04:02:50.784624+00:00
NSEbets,top,1fdagzl,https://www.reddit.com/r/NSEbets/comments/1fdagzl/sell_or_hold/,2024-09-10T05:25:27.423000+0000,2026-06-01T04:02:50.784624+00:00
NSEbets,top,1afj75i,https://www.reddit.com/r/NSEbets/comments/1afj75i/we_are_not_the_same_bro/,2024-01-31T14:33:50.415000+0000,2026-06-01T04:02:50.784624+00:00
NSEbets,top,1gxadwr,https://www.reddit.com/r/NSEbets/comments/1gxadwr/dmart_user_tries_zepto/,2024-11-22T15:27:54.598000+0000,2026-06-01T04:02:50.784624+00:00
NSEbets,top,1diqn1e,https://www.reddit.com/r/NSEbets/comments/1diqn1e/20m_tried_options_for_the_first_time/,2024-06-18T13:25:56.175000+0000,2026-06-01T04:02:50.784624+00:00
NSEbets,top,1cb4wgl,https://www.reddit.com/r/NSEbets/comments/1cb4wgl/how_dumb_can_a_businessman_be/,2024-04-23T13:39:34.264000+0000,2026-06-01T04:02:50.784624+00:00
NSEbets,top,1c7zoxd,https://www.reddit.com/r/NSEbets/comments/1c7zoxd/stop_loss_is_important/,2024-04-19T15:28:15.428000+0000,2026-06-01T04:02:50.784624+00:00
NSEbets,top,1aw3j48,https://www.reddit.com/r/NSEbets/comments/1aw3j48/katayi_chutya_stock_hai_hdfc/,2024-02-21T04:55:49.950000+0000,2026-06-01T04:02:50.784624+00:00
NSEbets,top,19b414o,https://www.reddit.com/r/NSEbets/comments/19b414o/50_returns/,2024-01-20T05:08:24.664000+0000,2026-06-01T04:02:50.784624+00:00
NSEbets,top,1tlidzb,https://www.reddit.com/r/NSEbets/comments/1tlidzb/trump_wakes_up_with_a_post_of_picture_of_us_flag/,2026-05-23T14:44:09.783000+0000,2026-06-01T04:02:50.784624+00:00
NSEbets,top,1rt64od,https://www.reddit.com/r/NSEbets/comments/1rt64od/its_always_after_market_close/,2026-03-14T01:25:52.114000+0000,2026-06-01T04:02:50.784624+00:00
NSEbets,top,1rkbgnt,https://www.reddit.com/r/NSEbets/comments/1rkbgnt/faaaaaa/,2026-03-04T04:07:42.036000+0000,2026-06-01T04:02:50.784624+00:00
NSEbets,top,1rioabu,https://www.reddit.com/r/NSEbets/comments/1rioabu/market_reacting_like_india_is_at_war_with_iran/,2026-03-02T09:25:17.237000+0000,2026-06-01T04:02:50.784624+00:00
NSEbets,top,1rgyxpm,https://www.reddit.com/r/NSEbets/comments/1rgyxpm/true/,2026-02-28T10:07:07.336000+0000,2026-06-01T04:02:50.784624+00:00
NSEbets,top,1md52d6,https://www.reddit.com/r/NSEbets/comments/1md52d6/your_calls_are_fucked/,2025-07-30T12:18:54.175000+0000,2026-06-01T04:02:50.784624+00:00
NSEbets,top,1h63jly,https://www.reddit.com/r/NSEbets/comments/1h63jly/bajaj_auto_ktm_files_for_bankruptcy/,2024-12-04T00:58:00.609000+0000,2026-06-01T04:02:50.784624+00:00
NSEbets,top,1h1x2iv,https://www.reddit.com/r/NSEbets/comments/1h1x2iv/am_i_fucked/,2024-11-28T14:25:42.864000+0000,2026-06-01T04:02:50.784624+00:00
NSEbets,top,1j1pi4w,https://www.reddit.com/r/NSEbets/comments/1j1pi4w/retail_investors_nowadays/,2025-03-02T12:12:09.907000+0000,2026-06-01T04:02:50.784624+00:00
NSEbets,top,1rip2gb,https://www.reddit.com/r/NSEbets/comments/1rip2gb/craziest_day_of_life/,2026-03-02T10:13:11.402000+0000,2026-06-01T04:02:50.784624+00:00
NSEbets,top,1r8vg72,https://www.reddit.com/r/NSEbets/comments/1r8vg72/took_a_trade_from_berlin_and_got_fckd/,2026-02-19T10:09:35.540000+0000,2026-06-01T04:02:50.784624+00:00
NSEbets,top,1odziyk,https://www.reddit.com/r/NSEbets/comments/1odziyk/life_of_option_traders/,2025-10-23T10:17:53.486000+0000,2026-06-01T04:02:50.784624+00:00
NSEbets,top,1ik3lp3,https://www.reddit.com/r/NSEbets/comments/1ik3lp3/hmmmm/,2025-02-07T19:37:12.737000+0000,2026-06-01T04:02:50.784624+00:00
NSEbets,top,1fl7mw1,https://www.reddit.com/r/NSEbets/comments/1fl7mw1/one_guy_had_replied_saying_if_apple_sold_ice/,2024-09-20T09:05:28.660000+0000,2026-06-01T04:02:50.784624+00:00
NSEbets,top,1fyw4zo,https://www.reddit.com/r/NSEbets/comments/1fyw4zo/wtf/,2024-10-08T10:00:40.954000+0000,2026-06-01T04:02:50.784624+00:00
NSEbets,top,1dyx1ga,https://www.reddit.com/r/NSEbets/comments/1dyx1ga/comment_now/,2024-07-09T08:11:51.165000+0000,2026-06-01T04:02:50.784624+00:00
NSEbets,top,1ht77jb,https://www.reddit.com/r/NSEbets/comments/1ht77jb/am_i_diversified_enough_rate_my_portfolio/,2025-01-04T05:16:10.467000+0000,2026-06-01T04:02:50.784624+00:00
NSEbets,top,1tqpi6g,https://www.reddit.com/r/NSEbets/comments/1tqpi6g/this_sub_needs_better_posting_rules/,2026-05-29T03:22:42.359000+0000,2026-06-01T04:02:50.784624+00:00
NSEbets,top,1tfnsbx,https://www.reddit.com/r/NSEbets/comments/1tfnsbx/fo_for_beginners/,2026-05-17T12:10:51.064000+0000,2026-06-01T04:02:50.784624+00:00
NSEbets,top,1szm9l0,https://www.reddit.com/r/NSEbets/comments/1szm9l0/i_think_am_done_for_the_day/,2026-04-30T04:54:14.647000+0000,2026-06-01T04:02:50.784624+00:00
NSEbets,top,1sfvcl2,https://www.reddit.com/r/NSEbets/comments/1sfvcl2/scariest_shit/,2026-04-08T15:00:52.759000+0000,2026-06-01T04:02:50.784624+00:00
NSEbets,top,1oypkew,https://www.reddit.com/r/NSEbets/comments/1oypkew/formula_sheet/,2025-11-16T16:09:27.138000+0000,2026-06-01T04:02:50.784624+00:00
NSEbets,top,1f45sp2,https://www.reddit.com/r/NSEbets/comments/1f45sp2/recession_real_this_time_market_crash_too/,2024-08-29T15:48:45.935000+0000,2026-06-01T04:02:50.784624+00:00
NSEbets,top,1ram5nl,https://www.reddit.com/r/NSEbets/comments/1ram5nl/bulls_and_bears_this_weekend/,2026-02-21T08:42:02.515000+0000,2026-06-01T04:02:50.784624+00:00
NSEbets,top,1guue98,https://www.reddit.com/r/NSEbets/comments/1guue98/mr_narayan_murthy_needs_to_see_this/,2024-11-19T10:46:02.662000+0000,2026-06-01T04:02:50.784624+00:00
NSEbets,top,1svcggf,https://www.reddit.com/r/NSEbets/comments/1svcggf/congratulations_to_cash_holders/,2026-04-25T13:38:07.640000+0000,2026-06-01T04:02:50.784624+00:00
NSEbets,top,1rddo5s,https://www.reddit.com/r/NSEbets/comments/1rddo5s/hehehe_made_3k_with_8k_capital/,2026-02-24T11:26:47.715000+0000,2026-06-01T04:02:50.784624+00:00
NSEbets,top,1q2u2vs,https://www.reddit.com/r/NSEbets/comments/1q2u2vs/nifty_all_time_high_always_panoti/,2026-01-03T13:01:39.730000+0000,2026-06-01T04:02:50.784624+00:00
NSEbets,top,1o8nupy,https://www.reddit.com/r/NSEbets/comments/1o8nupy/friendship_ended_with_equity_commodities_is_my/,2025-10-17T01:08:45.225000+0000,2026-06-01T04:02:50.784624+00:00
NSEbets,top,1riiizq,https://www.reddit.com/r/NSEbets/comments/1riiizq/expected_more_than_that_but_still_thank_you_god/,2026-03-02T03:55:42.278000+0000,2026-06-01T04:02:50.784624+00:00
NSEbets,top,1khyf6o,https://www.reddit.com/r/NSEbets/comments/1khyf6o/how_much_profit_should_i_expect_tomorrow/,2025-05-08T19:09:23.531000+0000,2026-06-01T04:02:50.784624+00:00
NSEbets,top,1fow6pa,https://www.reddit.com/r/NSEbets/comments/1fow6pa/what_are_your_risky_bets/,2024-09-25T04:27:10.391000+0000,2026-06-01T04:02:50.784624+00:00
NSEbets,top,1euc6py,https://www.reddit.com/r/NSEbets/comments/1euc6py/please_help/,2024-08-17T07:37:08.049000+0000,2026-06-01T04:02:50.784624+00:00
NSEbets,top,1dn7b70,https://www.reddit.com/r/NSEbets/comments/1dn7b70/one_month_ago_we_ran_an_experiment_on_nsebets/,2024-06-24T06:57:44.475000+0000,2026-06-01T04:02:50.784624+00:00
NSEbets,top,18snb3x,https://www.reddit.com/r/NSEbets/comments/18snb3x/can_someone_review_my_portfolio/,2023-12-28T06:36:20.849000+0000,2026-06-01T04:02:50.784624+00:00
NSEbets,top,1qcond2,https://www.reddit.com/r/NSEbets/comments/1qcond2/goodbye_guys_im_not_a_trader_im_a_gambler/,2026-01-14T14:27:37.291000+0000,2026-06-01T04:02:50.784624+00:00
NSEbets,top,1r8v9dc,https://www.reddit.com/r/NSEbets/comments/1r8v9dc/fno_at_its_peak/,2026-02-19T09:58:30.595000+0000,2026-06-01T04:02:50.784624+00:00
NSEbets,top,1pm88hd,https://www.reddit.com/r/NSEbets/comments/1pm88hd/fiis_sold_110_crore_of_indian_equities_every/,2025-12-14T07:27:25.593000+0000,2026-06-01T04:02:50.784624+00:00
NSEbets,top,1nk8rpa,https://www.reddit.com/r/NSEbets/comments/1nk8rpa/if_true_we_are_going_to_all_time_high_beyond/,2025-09-18T13:47:14.246000+0000,2026-06-01T04:02:50.784624+00:00
NSEbets,top,1l26h0f,https://www.reddit.com/r/NSEbets/comments/1l26h0f/my_first_fo_trade/,2025-06-03T08:17:42.503000+0000,2026-06-01T04:02:50.784624+00:00
NSEbets,top,1ea3l90,https://www.reddit.com/r/NSEbets/comments/1ea3l90/itc_holding_my_portfolio/,2024-07-23T09:32:46.274000+0000,2026-06-01T04:02:50.784624+00:00
NSEbets,top,1s17jxa,https://www.reddit.com/r/NSEbets/comments/1s17jxa/finally_after_testing_my_fate_with_options_for/,2026-03-23T04:46:27.586000+0000,2026-06-01T04:02:50.784624+00:00
NSEbets,top,1o4ucaa,https://www.reddit.com/r/NSEbets/comments/1o4ucaa/here_we_go_again/,2025-10-12T16:58:50.338000+0000,2026-06-01T04:02:50.784624+00:00
NSEbets,top,1tifl07,https://www.reddit.com/r/NSEbets/comments/1tifl07/ha_bhai_spy_jigu_dalle_gap_down_official_confirm/,2026-05-20T08:39:09.031000+0000,2026-06-01T04:02:50.784624+00:00
NSEbets,top,1qr1h5u,https://www.reddit.com/r/NSEbets/comments/1qr1h5u/just_bought_the_dip_in_morning_in_gold_and_silver/,2026-01-30T10:06:14.514000+0000,2026-06-01T04:02:50.784624+00:00
NSEbets,top,1q84rns,https://www.reddit.com/r/NSEbets/comments/1q84rns/this_should_be_stopped/,2026-01-09T10:24:27.878000+0000,2026-06-01T04:02:50.784624+00:00
NSEbets,top,1ow14h7,https://www.reddit.com/r/NSEbets/comments/1ow14h7/casino_always_wins_is_it_true/,2025-11-13T13:30:55.659000+0000,2026-06-01T04:02:50.784624+00:00
NSEbets,top,1ftleyj,https://www.reddit.com/r/NSEbets/comments/1ftleyj/is_the_economy_this_bad/,2024-10-01T11:07:03.632000+0000,2026-06-01T04:02:50.784624+00:00
NSEbets,top,1fkgf4x,https://www.reddit.com/r/NSEbets/comments/1fkgf4x/i_am_the_reason_for_the_fall/,2024-09-19T09:04:32.931000+0000,2026-06-01T04:02:50.784624+00:00
NSEbets,top,1sk5xja,https://www.reddit.com/r/NSEbets/comments/1sk5xja/big/,2026-04-13T09:37:39.790000+0000,2026-06-01T04:02:50.784624+00:00
NSEbets,top,1okp4hv,https://www.reddit.com/r/NSEbets/comments/1okp4hv/my_first_ever_6_digit_month_with_verified_pnl/,2025-10-31T08:33:43.741000+0000,2026-06-01T04:02:50.784624+00:00
NSEbets,top,1scub96,https://www.reddit.com/r/NSEbets/comments/1scub96/kl_hoga_maot_ka_khel/,2026-04-05T04:34:19.254000+0000,2026-06-01T04:02:50.784624+00:00
NSEbets,top,1qi5x3d,https://www.reddit.com/r/NSEbets/comments/1qi5x3d/kal_nifty_gaya_bhai/,2026-01-20T16:35:04.686000+0000,2026-06-01T04:02:50.784624+00:00
NSEbets,top,1luoqme,https://www.reddit.com/r/NSEbets/comments/1luoqme/am_i_cooked_chat/,2025-07-08T13:35:44.701000+0000,2026-06-01T04:02:50.784624+00:00
